"filename", "language", "Markdown", "PIC18 Assembler", "CMake", "CMake Cache", "JSON", "YAML", "Log", "C++", "C", "Shell Script", "HTML", "PostCSS", "XML", "JavaScript", "Python", "comment", "blank", "total"
"c:\Users\Hanno\OneDrive\Code\DHBW Systemnahe Programmierung\picsim\CMakeLists.txt", "CMake", 0, 0, 57, 0, 0, 0, 0, 0, 0, 0, 0, 0, 0, 0, 0, 0, 9, 66
"c:\Users\Hanno\OneDrive\Code\DHBW Systemnahe Programmierung\picsim\README.md", "Markdown", 63, 0, 0, 0, 0, 0, 0, 0, 0, 0, 0, 0, 0, 0, 0, 0, 9, 72
"c:\Users\Hanno\OneDrive\Code\DHBW Systemnahe Programmierung\picsim\app\main\app.cpp", "C++", 0, 0, 0, 0, 0, 0, 0, 43, 0, 0, 0, 0, 0, 0, 0, 14, 14, 71
"c:\Users\Hanno\OneDrive\Code\DHBW Systemnahe Programmierung\picsim\app\main\decode.cpp", "C++", 0, 0, 0, 0, 0, 0, 0, 144, 0, 0, 0, 0, 0, 0, 0, 1, 14, 159
"c:\Users\Hanno\OneDrive\Code\DHBW Systemnahe Programmierung\picsim\app\main\decode.h", "C++", 0, 0, 0, 0, 0, 0, 0, 13, 0, 0, 0, 0, 0, 0, 0, 0, 4, 17
"c:\Users\Hanno\OneDrive\Code\DHBW Systemnahe Programmierung\picsim\app\main\exec\bit.cpp", "C++", 0, 0, 0, 0, 0, 0, 0, 44, 0, 0, 0, 0, 0, 0, 0, 19, 16, 79
"c:\Users\Hanno\OneDrive\Code\DHBW Systemnahe Programmierung\picsim\app\main\exec\bit.h", "C++", 0, 0, 0, 0, 0, 0, 0, 17, 0, 0, 0, 0, 0, 0, 0, 0, 6, 23
"c:\Users\Hanno\OneDrive\Code\DHBW Systemnahe Programmierung\picsim\app\main\exec\byte.cpp", "C++", 0, 0, 0, 0, 0, 0, 0, 227, 0, 0, 0, 0, 0, 0, 0, 1, 65, 293
"c:\Users\Hanno\OneDrive\Code\DHBW Systemnahe Programmierung\picsim\app\main\exec\byte.h", "C++", 0, 0, 0, 0, 0, 0, 0, 33, 0, 0, 0, 0, 0, 0, 0, 0, 7, 40
"c:\Users\Hanno\OneDrive\Code\DHBW Systemnahe Programmierung\picsim\app\main\exec\exwatcher.h", "C++", 0, 0, 0, 0, 0, 0, 0, 15, 0, 0, 0, 0, 0, 0, 0, 0, 6, 21
"c:\Users\Hanno\OneDrive\Code\DHBW Systemnahe Programmierung\picsim\app\main\exec\instructionex.cpp", "C++", 0, 0, 0, 0, 0, 0, 0, 334, 0, 0, 0, 0, 0, 0, 0, 15, 36, 385
"c:\Users\Hanno\OneDrive\Code\DHBW Systemnahe Programmierung\picsim\app\main\exec\instructionex.h", "C++", 0, 0, 0, 0, 0, 0, 0, 76, 0, 0, 0, 0, 0, 0, 0, 3, 21, 100
"c:\Users\Hanno\OneDrive\Code\DHBW Systemnahe Programmierung\picsim\app\main\exec\jumpex.cpp", "C++", 0, 0, 0, 0, 0, 0, 0, 24, 0, 0, 0, 0, 0, 0, 0, 7, 8, 39
"c:\Users\Hanno\OneDrive\Code\DHBW Systemnahe Programmierung\picsim\app\main\exec\jumpex.h", "C++", 0, 0, 0, 0, 0, 0, 0, 14, 0, 0, 0, 0, 0, 0, 0, 0, 7, 21
"c:\Users\Hanno\OneDrive\Code\DHBW Systemnahe Programmierung\picsim\app\main\exec\literalex.cpp", "C++", 0, 0, 0, 0, 0, 0, 0, 61, 0, 0, 0, 0, 0, 0, 0, 1, 20, 82
"c:\Users\Hanno\OneDrive\Code\DHBW Systemnahe Programmierung\picsim\app\main\exec\literalex.h", "C++", 0, 0, 0, 0, 0, 0, 0, 19, 0, 0, 0, 0, 0, 0, 0, 0, 7, 26
"c:\Users\Hanno\OneDrive\Code\DHBW Systemnahe Programmierung\picsim\app\main\fileReader.cpp", "C++", 0, 0, 0, 0, 0, 0, 0, 34, 0, 0, 0, 0, 0, 0, 0, 0, 4, 38
"c:\Users\Hanno\OneDrive\Code\DHBW Systemnahe Programmierung\picsim\app\main\fileReader.h", "C++", 0, 0, 0, 0, 0, 0, 0, 10, 0, 0, 0, 0, 0, 0, 0, 0, 4, 14
"c:\Users\Hanno\OneDrive\Code\DHBW Systemnahe Programmierung\picsim\app\main\instruction.cpp", "C++", 0, 0, 0, 0, 0, 0, 0, 86, 0, 0, 0, 0, 0, 0, 0, 0, 12, 98
"c:\Users\Hanno\OneDrive\Code\DHBW Systemnahe Programmierung\picsim\app\main\instruction.h", "C++", 0, 0, 0, 0, 0, 0, 0, 30, 0, 0, 0, 0, 0, 0, 0, 0, 6, 36
"c:\Users\Hanno\OneDrive\Code\DHBW Systemnahe Programmierung\picsim\app\main\logger.cpp", "C++", 0, 0, 0, 0, 0, 0, 0, 99, 0, 0, 0, 0, 0, 0, 0, 6, 28, 133
"c:\Users\Hanno\OneDrive\Code\DHBW Systemnahe Programmierung\picsim\app\main\logger.h", "C++", 0, 0, 0, 0, 0, 0, 0, 35, 0, 0, 0, 0, 0, 0, 0, 2, 9, 46
"c:\Users\Hanno\OneDrive\Code\DHBW Systemnahe Programmierung\picsim\app\main\memory\eeprom.cpp", "C++", 0, 0, 0, 0, 0, 0, 0, 44, 0, 0, 0, 0, 0, 0, 0, 0, 7, 51
"c:\Users\Hanno\OneDrive\Code\DHBW Systemnahe Programmierung\picsim\app\main\memory\eeprom.h", "C++", 0, 0, 0, 0, 0, 0, 0, 23, 0, 0, 0, 0, 0, 0, 0, 0, 5, 28
"c:\Users\Hanno\OneDrive\Code\DHBW Systemnahe Programmierung\picsim\app\main\memory\program.cpp", "C++", 0, 0, 0, 0, 0, 0, 0, 41, 0, 0, 0, 0, 0, 0, 0, 6, 7, 54
"c:\Users\Hanno\OneDrive\Code\DHBW Systemnahe Programmierung\picsim\app\main\memory\program.h", "C++", 0, 0, 0, 0, 0, 0, 0, 23, 0, 0, 0, 0, 0, 0, 0, 0, 5, 28
"c:\Users\Hanno\OneDrive\Code\DHBW Systemnahe Programmierung\picsim\app\main\memory\ram.cpp", "C++", 0, 0, 0, 0, 0, 0, 0, 119, 0, 0, 0, 0, 0, 0, 0, 0, 12, 131
"c:\Users\Hanno\OneDrive\Code\DHBW Systemnahe Programmierung\picsim\app\main\memory\ram.h", "C++", 0, 0, 0, 0, 0, 0, 0, 35, 0, 0, 0, 0, 0, 0, 0, 0, 7, 42
"c:\Users\Hanno\OneDrive\Code\DHBW Systemnahe Programmierung\picsim\app\main\memory\stack.cpp", "C++", 0, 0, 0, 0, 0, 0, 0, 40, 0, 0, 0, 0, 0, 0, 0, 0, 7, 47
"c:\Users\Hanno\OneDrive\Code\DHBW Systemnahe Programmierung\picsim\app\main\memory\stack.h", "C++", 0, 0, 0, 0, 0, 0, 0, 21, 0, 0, 0, 0, 0, 0, 0, 0, 5, 26
"c:\Users\Hanno\OneDrive\Code\DHBW Systemnahe Programmierung\picsim\app\main\memory\watcher.cpp", "C++", 0, 0, 0, 0, 0, 0, 0, 10, 0, 0, 0, 0, 0, 0, 0, 3, 4, 17
"c:\Users\Hanno\OneDrive\Code\DHBW Systemnahe Programmierung\picsim\app\main\pars.cpp", "C++", 0, 0, 0, 0, 0, 0, 0, 51, 0, 0, 0, 0, 0, 0, 0, 3, 6, 60
"c:\Users\Hanno\OneDrive\Code\DHBW Systemnahe Programmierung\picsim\app\main\pars.h", "C++", 0, 0, 0, 0, 0, 0, 0, 11, 0, 0, 0, 0, 0, 0, 0, 1, 4, 16
"c:\Users\Hanno\OneDrive\Code\DHBW Systemnahe Programmierung\picsim\app\main\simvm.cpp", "C++", 0, 0, 0, 0, 0, 0, 0, 134, 0, 0, 0, 0, 0, 0, 0, 13, 26, 173
"c:\Users\Hanno\OneDrive\Code\DHBW Systemnahe Programmierung\picsim\app\main\simvm.h", "C++", 0, 0, 0, 0, 0, 0, 0, 55, 0, 0, 0, 0, 0, 0, 0, 0, 9, 64
"c:\Users\Hanno\OneDrive\Code\DHBW Systemnahe Programmierung\picsim\app\main\ui\controls.cpp", "C++", 0, 0, 0, 0, 0, 0, 0, 68, 0, 0, 0, 0, 0, 0, 0, 5, 7, 80
"c:\Users\Hanno\OneDrive\Code\DHBW Systemnahe Programmierung\picsim\app\main\ui\document.cpp", "C++", 0, 0, 0, 0, 0, 0, 0, 88, 0, 0, 0, 0, 0, 0, 0, 14, 12, 114
"c:\Users\Hanno\OneDrive\Code\DHBW Systemnahe Programmierung\picsim\app\main\ui\document.hpp", "C++", 0, 0, 0, 0, 0, 0, 0, 2, 0, 0, 0, 0, 0, 0, 0, 0, 1, 3
"c:\Users\Hanno\OneDrive\Code\DHBW Systemnahe Programmierung\picsim\app\main\ui\editor.cpp", "C++", 0, 0, 0, 0, 0, 0, 0, 46, 0, 0, 0, 0, 0, 0, 0, 16, 10, 72
"c:\Users\Hanno\OneDrive\Code\DHBW Systemnahe Programmierung\picsim\app\main\ui\ledArray.cpp", "C++", 0, 0, 0, 0, 0, 0, 0, 48, 0, 0, 0, 0, 0, 0, 0, 7, 7, 62
"c:\Users\Hanno\OneDrive\Code\DHBW Systemnahe Programmierung\picsim\app\main\ui\logs.cpp", "C++", 0, 0, 0, 0, 0, 0, 0, 39, 0, 0, 0, 0, 0, 0, 0, 4, 8, 51
"c:\Users\Hanno\OneDrive\Code\DHBW Systemnahe Programmierung\picsim\app\main\ui\registerTable.cpp", "C++", 0, 0, 0, 0, 0, 0, 0, 73, 0, 0, 0, 0, 0, 0, 0, 3, 17, 93
"c:\Users\Hanno\OneDrive\Code\DHBW Systemnahe Programmierung\picsim\app\main\ui\runtime.cpp", "C++", 0, 0, 0, 0, 0, 0, 0, 54, 0, 0, 0, 0, 0, 0, 0, 1, 8, 63
"c:\Users\Hanno\OneDrive\Code\DHBW Systemnahe Programmierung\picsim\app\main\ui\settings.cpp", "C++", 0, 0, 0, 0, 0, 0, 0, 55, 0, 0, 0, 0, 0, 0, 0, 7, 5, 67
"c:\Users\Hanno\OneDrive\Code\DHBW Systemnahe Programmierung\picsim\app\main\ui\settings_window\flags.cpp", "C++", 0, 0, 0, 0, 0, 0, 0, 33, 0, 0, 0, 0, 0, 0, 0, 5, 7, 45
"c:\Users\Hanno\OneDrive\Code\DHBW Systemnahe Programmierung\picsim\app\main\ui\settings_window\ioPins.cpp", "C++", 0, 0, 0, 0, 0, 0, 0, 232, 0, 0, 0, 0, 0, 0, 0, 15, 38, 285
"c:\Users\Hanno\OneDrive\Code\DHBW Systemnahe Programmierung\picsim\app\main\ui\settings_window\registers.cpp", "C++", 0, 0, 0, 0, 0, 0, 0, 113, 0, 0, 0, 0, 0, 0, 0, 7, 20, 140
"c:\Users\Hanno\OneDrive\Code\DHBW Systemnahe Programmierung\picsim\app\main\ui\settings_window\stack.cpp", "C++", 0, 0, 0, 0, 0, 0, 0, 35, 0, 0, 0, 0, 0, 0, 0, 5, 6, 46
"c:\Users\Hanno\OneDrive\Code\DHBW Systemnahe Programmierung\picsim\app\main\ui\stats.cpp", "C++", 0, 0, 0, 0, 0, 0, 0, 69, 0, 0, 0, 0, 0, 0, 0, 5, 4, 78
"c:\Users\Hanno\OneDrive\Code\DHBW Systemnahe Programmierung\picsim\app\main\utils.cpp", "C++", 0, 0, 0, 0, 0, 0, 0, 18, 0, 0, 0, 0, 0, 0, 0, 0, 2, 20
"c:\Users\Hanno\OneDrive\Code\DHBW Systemnahe Programmierung\picsim\app\main\utils.hpp", "C++", 0, 0, 0, 0, 0, 0, 0, 2, 0, 0, 0, 0, 0, 0, 0, 8, 1, 11
"c:\Users\Hanno\OneDrive\Code\DHBW Systemnahe Programmierung\picsim\cmake-build-debug\.cmake\api\v1\reply\cache-v2-da526e11642b5e352969.json", "JSON", 0, 0, 0, 0, 1891, 0, 0, 0, 0, 0, 0, 0, 0, 0, 0, 0, 1, 1892
"c:\Users\Hanno\OneDrive\Code\DHBW Systemnahe Programmierung\picsim\cmake-build-debug\.cmake\api\v1\reply\cmakeFiles-v1-24225ef8ca38e6fcac87.json", "JSON", 0, 0, 0, 0, 946, 0, 0, 0, 0, 0, 0, 0, 0, 0, 0, 0, 1, 947
"c:\Users\Hanno\OneDrive\Code\DHBW Systemnahe Programmierung\picsim\cmake-build-debug\.cmake\api\v1\reply\codemodel-v2-758e30f60194b93d08e7.json", "JSON", 0, 0, 0, 0, 151, 0, 0, 0, 0, 0, 0, 0, 0, 0, 0, 0, 1, 152
"c:\Users\Hanno\OneDrive\Code\DHBW Systemnahe Programmierung\picsim\cmake-build-debug\.cmake\api\v1\reply\directory-.-Debug-d0094a50bb2071803777.json", "JSON", 0, 0, 0, 0, 14, 0, 0, 0, 0, 0, 0, 0, 0, 0, 0, 0, 1, 15
"c:\Users\Hanno\OneDrive\Code\DHBW Systemnahe Programmierung\picsim\cmake-build-debug\.cmake\api\v1\reply\directory-third_party.ftxui-Debug-0db0aaa8d1686286c4e2.json", "JSON", 0, 0, 0, 0, 162, 0, 0, 0, 0, 0, 0, 0, 0, 0, 0, 0, 1, 163
"c:\Users\Hanno\OneDrive\Code\DHBW Systemnahe Programmierung\picsim\cmake-build-debug\.cmake\api\v1\reply\directory-third_party.ftxui.doc-Debug-d76790322a7cb3047329.json", "JSON", 0, 0, 0, 0, 14, 0, 0, 0, 0, 0, 0, 0, 0, 0, 0, 0, 1, 15
"c:\Users\Hanno\OneDrive\Code\DHBW Systemnahe Programmierung\picsim\cmake-build-debug\.cmake\api\v1\reply\directory-third_party.ftxui.examples-Debug-54c292ed4bcc46b5143c.json", "JSON", 0, 0, 0, 0, 14, 0, 0, 0, 0, 0, 0, 0, 0, 0, 0, 0, 1, 15
"c:\Users\Hanno\OneDrive\Code\DHBW Systemnahe Programmierung\picsim\cmake-build-debug\.cmake\api\v1\reply\index-2025-05-12T11-41-46-0926.json", "JSON", 0, 0, 0, 0, 108, 0, 0, 0, 0, 0, 0, 0, 0, 0, 0, 0, 1, 109
"c:\Users\Hanno\OneDrive\Code\DHBW Systemnahe Programmierung\picsim\cmake-build-debug\.cmake\api\v1\reply\target-component-Debug-1586302c852c69c7488a.json", "JSON", 0, 0, 0, 0, 460, 0, 0, 0, 0, 0, 0, 0, 0, 0, 0, 0, 1, 461
"c:\Users\Hanno\OneDrive\Code\DHBW Systemnahe Programmierung\picsim\cmake-build-debug\.cmake\api\v1\reply\target-dom-Debug-2aa25009b04eec419f90.json", "JSON", 0, 0, 0, 0, 588, 0, 0, 0, 0, 0, 0, 0, 0, 0, 0, 0, 1, 589
"c:\Users\Hanno\OneDrive\Code\DHBW Systemnahe Programmierung\picsim\cmake-build-debug\.cmake\api\v1\reply\target-picsim-Debug-39817bb60aae0809e20d.json", "JSON", 0, 0, 0, 0, 377, 0, 0, 0, 0, 0, 0, 0, 0, 0, 0, 0, 1, 378
"c:\Users\Hanno\OneDrive\Code\DHBW Systemnahe Programmierung\picsim\cmake-build-debug\.cmake\api\v1\reply\target-screen-Debug-f68cc3c8f84022a1fc8c.json", "JSON", 0, 0, 0, 0, 281, 0, 0, 0, 0, 0, 0, 0, 0, 0, 0, 0, 1, 282
"c:\Users\Hanno\OneDrive\Code\DHBW Systemnahe Programmierung\picsim\cmake-build-debug\.cmake\api\v1\reply\toolchains-v1-2914590bd2f37228925d.json", "JSON", 0, 0, 0, 0, 95, 0, 0, 0, 0, 0, 0, 0, 0, 0, 0, 0, 1, 96
"c:\Users\Hanno\OneDrive\Code\DHBW Systemnahe Programmierung\picsim\cmake-build-debug\CMakeCache.txt", "CMake Cache", 0, 0, 0, 459, 0, 0, 0, 0, 0, 0, 0, 0, 0, 0, 0, 0, 115, 574
"c:\Users\Hanno\OneDrive\Code\DHBW Systemnahe Programmierung\picsim\cmake-build-debug\CMakeFiles\3.30.5\CMakeCCompiler.cmake", "CMake", 0, 0, 64, 0, 0, 0, 0, 0, 0, 0, 0, 0, 0, 0, 0, 0, 18, 82
"c:\Users\Hanno\OneDrive\Code\DHBW Systemnahe Programmierung\picsim\cmake-build-debug\CMakeFiles\3.30.5\CMakeCXXCompiler.cmake", "CMake", 0, 0, 78, 0, 0, 0, 0, 0, 0, 0, 0, 0, 0, 0, 0, 0, 24, 102
"c:\Users\Hanno\OneDrive\Code\DHBW Systemnahe Programmierung\picsim\cmake-build-debug\CMakeFiles\3.30.5\CMakeRCCompiler.cmake", "CMake", 0, 0, 6, 0, 0, 0, 0, 0, 0, 0, 0, 0, 0, 0, 0, 0, 1, 7
"c:\Users\Hanno\OneDrive\Code\DHBW Systemnahe Programmierung\picsim\cmake-build-debug\CMakeFiles\3.30.5\CMakeSystem.cmake", "CMake", 0, 0, 10, 0, 0, 0, 0, 0, 0, 0, 0, 0, 0, 0, 0, 0, 6, 16
"c:\Users\Hanno\OneDrive\Code\DHBW Systemnahe Programmierung\picsim\cmake-build-debug\CMakeFiles\3.30.5\CompilerIdCXX\CMakeCXXCompilerId.cpp", "C++", 0, 0, 0, 0, 0, 0, 0, 707, 0, 0, 0, 0, 0, 0, 0, 62, 151, 920
"c:\Users\Hanno\OneDrive\Code\DHBW Systemnahe Programmierung\picsim\cmake-build-debug\CMakeFiles\3.30.5\CompilerIdC\CMakeCCompilerId.c", "C", 0, 0, 0, 0, 0, 0, 0, 0, 689, 0, 0, 0, 0, 0, 0, 61, 155, 905
"c:\Users\Hanno\OneDrive\Code\DHBW Systemnahe Programmierung\picsim\cmake-build-debug\CMakeFiles\CMakeConfigureLog.yaml", "YAML", 0, 0, 0, 0, 0, 465, 0, 0, 0, 0, 0, 0, 0, 0, 0, 4, 26, 495
"c:\Users\Hanno\OneDrive\Code\DHBW Systemnahe Programmierung\picsim\cmake-build-debug\CPackConfig.cmake", "CMake", 0, 0, 68, 0, 0, 0, 0, 0, 0, 0, 0, 0, 0, 0, 0, 0, 5, 73
"c:\Users\Hanno\OneDrive\Code\DHBW Systemnahe Programmierung\picsim\cmake-build-debug\CPackSourceConfig.cmake", "CMake", 0, 0, 76, 0, 0, 0, 0, 0, 0, 0, 0, 0, 0, 0, 0, 0, 5, 81
"c:\Users\Hanno\OneDrive\Code\DHBW Systemnahe Programmierung\picsim\cmake-build-debug\Testing\Temporary\LastTest.log", "Log", 0, 0, 0, 0, 0, 0, 3, 0, 0, 0, 0, 0, 0, 0, 0, 0, 1, 4
"c:\Users\Hanno\OneDrive\Code\DHBW Systemnahe Programmierung\picsim\cmake-build-debug\cmake_install.cmake", "CMake", 0, 0, 54, 0, 0, 0, 0, 0, 0, 0, 0, 0, 0, 0, 0, 0, 10, 64
"c:\Users\Hanno\OneDrive\Code\DHBW Systemnahe Programmierung\picsim\cmake-build-debug\compile_commands.json", "JSON", 0, 0, 0, 0, 440, 0, 0, 0, 0, 0, 0, 0, 0, 0, 0, 0, 0, 440
"c:\Users\Hanno\OneDrive\Code\DHBW Systemnahe Programmierung\picsim\cmake-build-debug\third_party\ftxui\CMakeFiles\Export\418a5211b54bdfa9fa029e8a3112c4d3\ftxui-targets-debug.cmake", "CMake", 0, 0, 31, 0, 0, 0, 0, 0, 0, 0, 0, 0, 0, 0, 0, 0, 9, 40
"c:\Users\Hanno\OneDrive\Code\DHBW Systemnahe Programmierung\picsim\cmake-build-debug\third_party\ftxui\CMakeFiles\Export\418a5211b54bdfa9fa029e8a3112c4d3\ftxui-targets.cmake", "CMake", 0, 0, 112, 0, 0, 0, 0, 0, 0, 0, 0, 0, 0, 0, 0, 0, 17, 129
"c:\Users\Hanno\OneDrive\Code\DHBW Systemnahe Programmierung\picsim\cmake-build-debug\third_party\ftxui\cmake\ftxui-config-version.cmake", "CMake", 0, 0, 56, 0, 0, 0, 0, 0, 0, 0, 0, 0, 0, 0, 0, 0, 10, 66
"c:\Users\Hanno\OneDrive\Code\DHBW Systemnahe Programmierung\picsim\cmake-build-debug\third_party\ftxui\cmake\ftxui-config.cmake", "CMake", 0, 0, 23, 0, 0, 0, 0, 0, 0, 0, 0, 0, 0, 0, 0, 0, 8, 31
"c:\Users\Hanno\OneDrive\Code\DHBW Systemnahe Programmierung\picsim\cmake-build-debug\third_party\ftxui\cmake_install.cmake", "CMake", 0, 0, 81, 0, 0, 0, 0, 0, 0, 0, 0, 0, 0, 0, 0, 0, 16, 97
"c:\Users\Hanno\OneDrive\Code\DHBW Systemnahe Programmierung\picsim\cmake-build-debug\third_party\ftxui\doc\cmake_install.cmake", "CMake", 0, 0, 33, 0, 0, 0, 0, 0, 0, 0, 0, 0, 0, 0, 0, 0, 7, 40
"c:\Users\Hanno\OneDrive\Code\DHBW Systemnahe Programmierung\picsim\cmake-build-debug\third_party\ftxui\examples\cmake_install.cmake", "CMake", 0, 0, 33, 0, 0, 0, 0, 0, 0, 0, 0, 0, 0, 0, 0, 0, 7, 40
"c:\Users\Hanno\OneDrive\Code\DHBW Systemnahe Programmierung\picsim\cmake-build-debug\third_party\ftxui\ftxui-targets.cmake", "CMake", 0, 0, 86, 0, 0, 0, 0, 0, 0, 0, 0, 0, 0, 0, 0, 0, 16, 102
"c:\Users\Hanno\OneDrive\Code\DHBW Systemnahe Programmierung\picsim\documentation\DOCU.md", "Markdown", 23, 0, 0, 0, 0, 0, 0, 0, 0, 0, 0, 0, 0, 0, 0, 0, 20, 43
"c:\Users\Hanno\OneDrive\Code\DHBW Systemnahe Programmierung\picsim\grid-container-ftxui\CMakeLists.txt", "CMake", 0, 0, 13, 0, 0, 0, 0, 0, 0, 0, 0, 0, 0, 0, 0, 0, 3, 16
"c:\Users\Hanno\OneDrive\Code\DHBW Systemnahe Programmierung\picsim\grid-container-ftxui\README.md", "Markdown", 56, 0, 0, 0, 0, 0, 0, 0, 0, 0, 0, 0, 0, 0, 0, 0, 18, 74
"c:\Users\Hanno\OneDrive\Code\DHBW Systemnahe Programmierung\picsim\grid-container-ftxui\cmake\ftxui.cmake", "CMake", 0, 0, 17, 0, 0, 0, 0, 0, 0, 0, 0, 0, 0, 0, 0, 0, 4, 21
"c:\Users\Hanno\OneDrive\Code\DHBW Systemnahe Programmierung\picsim\grid-container-ftxui\example\CMakeLists.txt", "CMake", 0, 0, 2, 0, 0, 0, 0, 0, 0, 0, 0, 0, 0, 0, 0, 0, 1, 3
"c:\Users\Hanno\OneDrive\Code\DHBW Systemnahe Programmierung\picsim\grid-container-ftxui\example\main.cpp", "C++", 0, 0, 0, 0, 0, 0, 0, 44, 0, 0, 0, 0, 0, 0, 0, 0, 12, 56
"c:\Users\Hanno\OneDrive\Code\DHBW Systemnahe Programmierung\picsim\grid-container-ftxui\include\ftxui-grid-container\grid-container.hpp", "C++", 0, 0, 0, 0, 0, 0, 0, 9, 0, 0, 0, 0, 0, 0, 0, 0, 4, 13
"c:\Users\Hanno\OneDrive\Code\DHBW Systemnahe Programmierung\picsim\grid-container-ftxui\src\ftxui-grid-container\grid-container.cpp", "C++", 0, 0, 0, 0, 0, 0, 0, 36, 0, 0, 0, 0, 0, 0, 0, 1, 9, 46
"c:\Users\Hanno\OneDrive\Code\DHBW Systemnahe Programmierung\picsim\testprog\TPicSim1.LST", "PIC18 Assembler", 0, 29, 0, 0, 0, 0, 0, 0, 0, 0, 0, 0, 0, 0, 0, 0, 1, 30
"c:\Users\Hanno\OneDrive\Code\DHBW Systemnahe Programmierung\picsim\testprog\TPicSim10.LST", "PIC18 Assembler", 0, 315, 0, 0, 0, 0, 0, 0, 0, 0, 0, 0, 0, 0, 0, 0, 1, 316
"c:\Users\Hanno\OneDrive\Code\DHBW Systemnahe Programmierung\picsim\testprog\TPicSim101.LST", "PIC18 Assembler", 0, 72, 0, 0, 0, 0, 0, 0, 0, 0, 0, 0, 0, 0, 0, 0, 1, 73
"c:\Users\Hanno\OneDrive\Code\DHBW Systemnahe Programmierung\picsim\testprog\TPicSim11.LST", "PIC18 Assembler", 0, 52, 0, 0, 0, 0, 0, 0, 0, 0, 0, 0, 0, 0, 0, 0, 1, 53
"c:\Users\Hanno\OneDrive\Code\DHBW Systemnahe Programmierung\picsim\testprog\TPicSim12.LST", "PIC18 Assembler", 0, 81, 0, 0, 0, 0, 0, 0, 0, 0, 0, 0, 0, 0, 0, 0, 1, 82
"c:\Users\Hanno\OneDrive\Code\DHBW Systemnahe Programmierung\picsim\testprog\TPicSim13.LST", "PIC18 Assembler", 0, 45, 0, 0, 0, 0, 0, 0, 0, 0, 0, 0, 0, 0, 0, 0, 1, 46
"c:\Users\Hanno\OneDrive\Code\DHBW Systemnahe Programmierung\picsim\testprog\TPicSim14.LST", "PIC18 Assembler", 0, 45, 0, 0, 0, 0, 0, 0, 0, 0, 0, 0, 0, 0, 0, 0, 1, 46
"c:\Users\Hanno\OneDrive\Code\DHBW Systemnahe Programmierung\picsim\testprog\TPicSim15.LST", "PIC18 Assembler", 0, 91, 0, 0, 0, 0, 0, 0, 0, 0, 0, 0, 0, 0, 0, 0, 1, 92
"c:\Users\Hanno\OneDrive\Code\DHBW Systemnahe Programmierung\picsim\testprog\TPicSim2.LST", "PIC18 Assembler", 0, 33, 0, 0, 0, 0, 0, 0, 0, 0, 0, 0, 0, 0, 0, 0, 1, 34
"c:\Users\Hanno\OneDrive\Code\DHBW Systemnahe Programmierung\picsim\testprog\TPicSim21.LST", "PIC18 Assembler", 0, 86, 0, 0, 0, 0, 0, 0, 0, 0, 0, 0, 0, 0, 0, 0, 1, 87
"c:\Users\Hanno\OneDrive\Code\DHBW Systemnahe Programmierung\picsim\testprog\TPicSim3.LST", "PIC18 Assembler", 0, 62, 0, 0, 0, 0, 0, 0, 0, 0, 0, 0, 0, 0, 0, 0, 1, 63
"c:\Users\Hanno\OneDrive\Code\DHBW Systemnahe Programmierung\picsim\testprog\TPicSim4.LST", "PIC18 Assembler", 0, 107, 0, 0, 0, 0, 0, 0, 0, 0, 0, 0, 0, 0, 0, 0, 1, 108
"c:\Users\Hanno\OneDrive\Code\DHBW Systemnahe Programmierung\picsim\testprog\TPicSim5.LST", "PIC18 Assembler", 0, 51, 0, 0, 0, 0, 0, 0, 0, 0, 0, 0, 0, 0, 0, 0, 1, 52
"c:\Users\Hanno\OneDrive\Code\DHBW Systemnahe Programmierung\picsim\testprog\TPicSim6.LST", "PIC18 Assembler", 0, 95, 0, 0, 0, 0, 0, 0, 0, 0, 0, 0, 0, 0, 0, 0, 1, 96
"c:\Users\Hanno\OneDrive\Code\DHBW Systemnahe Programmierung\picsim\testprog\TPicSim7.LST", "PIC18 Assembler", 0, 85, 0, 0, 0, 0, 0, 0, 0, 0, 0, 0, 0, 0, 0, 0, 1, 86
"c:\Users\Hanno\OneDrive\Code\DHBW Systemnahe Programmierung\picsim\testprog\TPicSim8.LST", "PIC18 Assembler", 0, 116, 0, 0, 0, 0, 0, 0, 0, 0, 0, 0, 0, 0, 0, 0, 1, 117
"c:\Users\Hanno\OneDrive\Code\DHBW Systemnahe Programmierung\picsim\testprog\TPicSim9.LST", "PIC18 Assembler", 0, 48, 0, 0, 0, 0, 0, 0, 0, 0, 0, 0, 0, 0, 0, 0, 1, 49
"c:\Users\Hanno\OneDrive\Code\DHBW Systemnahe Programmierung\picsim\third_party\ftxui\.bcr\README.md", "Markdown", 7, 0, 0, 0, 0, 0, 0, 0, 0, 0, 0, 0, 0, 0, 0, 0, 3, 10
"c:\Users\Hanno\OneDrive\Code\DHBW Systemnahe Programmierung\picsim\third_party\ftxui\.bcr\metadata.template.json", "JSON", 0, 0, 0, 0, 16, 0, 0, 0, 0, 0, 0, 0, 0, 0, 0, 0, 1, 17
"c:\Users\Hanno\OneDrive\Code\DHBW Systemnahe Programmierung\picsim\third_party\ftxui\.bcr\presubmit.yml", "YAML", 0, 0, 0, 0, 0, 20, 0, 0, 0, 0, 0, 0, 0, 0, 0, 0, 2, 22
"c:\Users\Hanno\OneDrive\Code\DHBW Systemnahe Programmierung\picsim\third_party\ftxui\.bcr\source.template.json", "JSON", 0, 0, 0, 0, 5, 0, 0, 0, 0, 0, 0, 0, 0, 0, 0, 0, 1, 6
"c:\Users\Hanno\OneDrive\Code\DHBW Systemnahe Programmierung\picsim\third_party\ftxui\.github\FUNDING.yml", "YAML", 0, 0, 0, 0, 0, 1, 0, 0, 0, 0, 0, 0, 0, 0, 0, 0, 1, 2
"c:\Users\Hanno\OneDrive\Code\DHBW Systemnahe Programmierung\picsim\third_party\ftxui\.github\workflows\build.yaml", "YAML", 0, 0, 0, 0, 0, 128, 0, 0, 0, 0, 0, 0, 0, 0, 0, 4, 25, 157
"c:\Users\Hanno\OneDrive\Code\DHBW Systemnahe Programmierung\picsim\third_party\ftxui\.github\workflows\documentation.yaml", "YAML", 0, 0, 0, 0, 0, 52, 0, 0, 0, 0, 0, 0, 0, 0, 0, 1, 8, 61
"c:\Users\Hanno\OneDrive\Code\DHBW Systemnahe Programmierung\picsim\third_party\ftxui\.github\workflows\publish.yaml", "YAML", 0, 0, 0, 0, 0, 19, 0, 0, 0, 0, 0, 0, 0, 0, 0, 1, 5, 25
"c:\Users\Hanno\OneDrive\Code\DHBW Systemnahe Programmierung\picsim\third_party\ftxui\.github\workflows\release.yaml", "YAML", 0, 0, 0, 0, 0, 80, 0, 0, 0, 0, 0, 0, 0, 0, 0, 8, 13, 101
"c:\Users\Hanno\OneDrive\Code\DHBW Systemnahe Programmierung\picsim\third_party\ftxui\CHANGELOG.md", "Markdown", 427, 0, 0, 0, 0, 0, 0, 0, 0, 0, 0, 0, 0, 0, 0, 0, 76, 503
"c:\Users\Hanno\OneDrive\Code\DHBW Systemnahe Programmierung\picsim\third_party\ftxui\CMakeLists.txt", "CMake", 0, 0, 166, 0, 0, 0, 0, 0, 0, 0, 0, 0, 0, 0, 0, 0, 16, 182
"c:\Users\Hanno\OneDrive\Code\DHBW Systemnahe Programmierung\picsim\third_party\ftxui\README.md", "Markdown", 277, 0, 0, 0, 0, 0, 0, 0, 0, 0, 0, 0, 0, 0, 0, 0, 127, 404
"c:\Users\Hanno\OneDrive\Code\DHBW Systemnahe Programmierung\picsim\third_party\ftxui\cmake\ftxui_benchmark.cmake", "CMake", 0, 0, 19, 0, 0, 0, 0, 0, 0, 0, 0, 0, 0, 0, 0, 0, 3, 22
"c:\Users\Hanno\OneDrive\Code\DHBW Systemnahe Programmierung\picsim\third_party\ftxui\cmake\ftxui_coverage.cmake", "CMake", 0, 0, 8, 0, 0, 0, 0, 0, 0, 0, 0, 0, 0, 0, 0, 0, 1, 9
"c:\Users\Hanno\OneDrive\Code\DHBW Systemnahe Programmierung\picsim\third_party\ftxui\cmake\ftxui_export.cmake", "CMake", 0, 0, 8, 0, 0, 0, 0, 0, 0, 0, 0, 0, 0, 0, 0, 0, 1, 9
"c:\Users\Hanno\OneDrive\Code\DHBW Systemnahe Programmierung\picsim\third_party\ftxui\cmake\ftxui_find_google_benchmark.cmake", "CMake", 0, 0, 28, 0, 0, 0, 0, 0, 0, 0, 0, 0, 0, 0, 0, 0, 5, 33
"c:\Users\Hanno\OneDrive\Code\DHBW Systemnahe Programmierung\picsim\third_party\ftxui\cmake\ftxui_find_google_test.cmake", "CMake", 0, 0, 28, 0, 0, 0, 0, 0, 0, 0, 0, 0, 0, 0, 0, 0, 6, 34
"c:\Users\Hanno\OneDrive\Code\DHBW Systemnahe Programmierung\picsim\third_party\ftxui\cmake\ftxui_fuzzer.cmake", "CMake", 0, 0, 18, 0, 0, 0, 0, 0, 0, 0, 0, 0, 0, 0, 0, 0, 4, 22
"c:\Users\Hanno\OneDrive\Code\DHBW Systemnahe Programmierung\picsim\third_party\ftxui\cmake\ftxui_install.cmake", "CMake", 0, 0, 54, 0, 0, 0, 0, 0, 0, 0, 0, 0, 0, 0, 0, 0, 7, 61
"c:\Users\Hanno\OneDrive\Code\DHBW Systemnahe Programmierung\picsim\third_party\ftxui\cmake\ftxui_message.cmake", "CMake", 0, 0, 16, 0, 0, 0, 0, 0, 0, 0, 0, 0, 0, 0, 0, 0, 2, 18
"c:\Users\Hanno\OneDrive\Code\DHBW Systemnahe Programmierung\picsim\third_party\ftxui\cmake\ftxui_package.cmake", "CMake", 0, 0, 26, 0, 0, 0, 0, 0, 0, 0, 0, 0, 0, 0, 0, 0, 3, 29
"c:\Users\Hanno\OneDrive\Code\DHBW Systemnahe Programmierung\picsim\third_party\ftxui\cmake\ftxui_set_options.cmake", "CMake", 0, 0, 91, 0, 0, 0, 0, 0, 0, 0, 0, 0, 0, 0, 0, 0, 16, 107
"c:\Users\Hanno\OneDrive\Code\DHBW Systemnahe Programmierung\picsim\third_party\ftxui\cmake\ftxui_test.cmake", "CMake", 0, 0, 75, 0, 0, 0, 0, 0, 0, 0, 0, 0, 0, 0, 0, 0, 9, 84
"c:\Users\Hanno\OneDrive\Code\DHBW Systemnahe Programmierung\picsim\third_party\ftxui\cmake\iwyu.cmake", "CMake", 0, 0, 7, 0, 0, 0, 0, 0, 0, 0, 0, 0, 0, 0, 0, 0, 1, 8
"c:\Users\Hanno\OneDrive\Code\DHBW Systemnahe Programmierung\picsim\third_party\ftxui\codecov.yml", "YAML", 0, 0, 0, 0, 0, 10, 0, 0, 0, 0, 0, 0, 0, 0, 0, 0, 3, 13
"c:\Users\Hanno\OneDrive\Code\DHBW Systemnahe Programmierung\picsim\third_party\ftxui\doc\CMakeLists.txt", "CMake", 0, 0, 23, 0, 0, 0, 0, 0, 0, 0, 0, 0, 0, 0, 0, 0, 5, 28
"c:\Users\Hanno\OneDrive\Code\DHBW Systemnahe Programmierung\picsim\third_party\ftxui\doc\doxygen_extra.css", "PostCSS", 0, 0, 0, 0, 0, 0, 0, 0, 0, 0, 0, 253, 0, 0, 0, 14, 57, 324
"c:\Users\Hanno\OneDrive\Code\DHBW Systemnahe Programmierung\picsim\third_party\ftxui\doc\doxygen_footer.html", "HTML", 0, 0, 0, 0, 0, 0, 0, 0, 0, 0, 4, 0, 0, 0, 0, 6, 1, 11
"c:\Users\Hanno\OneDrive\Code\DHBW Systemnahe Programmierung\picsim\third_party\ftxui\doc\doxygen_header.html", "HTML", 0, 0, 0, 0, 0, 0, 0, 0, 0, 0, 40, 0, 0, 0, 0, 16, 4, 60
"c:\Users\Hanno\OneDrive\Code\DHBW Systemnahe Programmierung\picsim\third_party\ftxui\doc\doxygen_layout.xml", "XML", 0, 0, 0, 0, 0, 0, 0, 0, 0, 0, 0, 0, 211, 0, 0, 6, 8, 225
"c:\Users\Hanno\OneDrive\Code\DHBW Systemnahe Programmierung\picsim\third_party\ftxui\doc\mainpage.md", "Markdown", 659, 0, 0, 0, 0, 0, 0, 0, 0, 0, 0, 0, 0, 0, 0, 0, 237, 896
"c:\Users\Hanno\OneDrive\Code\DHBW Systemnahe Programmierung\picsim\third_party\ftxui\examples\CMakeLists.txt", "CMake", 0, 0, 26, 0, 0, 0, 0, 0, 0, 0, 0, 0, 0, 0, 0, 0, 5, 31
"c:\Users\Hanno\OneDrive\Code\DHBW Systemnahe Programmierung\picsim\third_party\ftxui\examples\component\CMakeLists.txt", "CMake", 0, 0, 51, 0, 0, 0, 0, 0, 0, 0, 0, 0, 0, 0, 0, 0, 2, 53
"c:\Users\Hanno\OneDrive\Code\DHBW Systemnahe Programmierung\picsim\third_party\ftxui\examples\component\button.cpp", "C++", 0, 0, 0, 0, 0, 0, 0, 8, 0, 0, 0, 0, 0, 0, 0, 0, 2, 10
"c:\Users\Hanno\OneDrive\Code\DHBW Systemnahe Programmierung\picsim\third_party\ftxui\examples\component\button_animated.cpp", "C++", 0, 0, 0, 0, 0, 0, 0, 34, 0, 0, 0, 0, 0, 0, 0, 5, 7, 46
"c:\Users\Hanno\OneDrive\Code\DHBW Systemnahe Programmierung\picsim\third_party\ftxui\examples\component\button_in_frame.cpp", "C++", 0, 0, 0, 0, 0, 0, 0, 36, 0, 0, 0, 0, 0, 0, 0, 3, 9, 48
"c:\Users\Hanno\OneDrive\Code\DHBW Systemnahe Programmierung\picsim\third_party\ftxui\examples\component\button_style.cpp", "C++", 0, 0, 0, 0, 0, 0, 0, 52, 0, 0, 0, 0, 0, 0, 0, 3, 6, 61
"c:\Users\Hanno\OneDrive\Code\DHBW Systemnahe Programmierung\picsim\third_party\ftxui\examples\component\canvas_animated.cpp", "C++", 0, 0, 0, 0, 0, 0, 0, 213, 0, 0, 0, 0, 0, 0, 0, 18, 32, 263
"c:\Users\Hanno\OneDrive\Code\DHBW Systemnahe Programmierung\picsim\third_party\ftxui\examples\component\checkbox.cpp", "C++", 0, 0, 0, 0, 0, 0, 0, 28, 0, 0, 0, 0, 0, 0, 0, 3, 8, 39
"c:\Users\Hanno\OneDrive\Code\DHBW Systemnahe Programmierung\picsim\third_party\ftxui\examples\component\checkbox_in_frame.cpp", "C++", 0, 0, 0, 0, 0, 0, 0, 24, 0, 0, 0, 0, 0, 0, 0, 3, 8, 35
"c:\Users\Hanno\OneDrive\Code\DHBW Systemnahe Programmierung\picsim\third_party\ftxui\examples\component\collapsible.cpp", "C++", 0, 0, 0, 0, 0, 0, 0, 46, 0, 0, 0, 0, 0, 0, 0, 5, 7, 58
"c:\Users\Hanno\OneDrive\Code\DHBW Systemnahe Programmierung\picsim\third_party\ftxui\examples\component\composition.cpp", "C++", 0, 0, 0, 0, 0, 0, 0, 42, 0, 0, 0, 0, 0, 0, 0, 11, 11, 64
"c:\Users\Hanno\OneDrive\Code\DHBW Systemnahe Programmierung\picsim\third_party\ftxui\examples\component\custom_loop.cpp", "C++", 0, 0, 0, 0, 0, 0, 0, 43, 0, 0, 0, 0, 0, 0, 0, 4, 8, 55
"c:\Users\Hanno\OneDrive\Code\DHBW Systemnahe Programmierung\picsim\third_party\ftxui\examples\component\dropdown.cpp", "C++", 0, 0, 0, 0, 0, 0, 0, 35, 0, 0, 0, 0, 0, 0, 0, 3, 7, 45
"c:\Users\Hanno\OneDrive\Code\DHBW Systemnahe Programmierung\picsim\third_party\ftxui\examples\component\dropdown_custom.cpp", "C++", 0, 0, 0, 0, 0, 0, 0, 94, 0, 0, 0, 0, 0, 0, 0, 3, 8, 105
"c:\Users\Hanno\OneDrive\Code\DHBW Systemnahe Programmierung\picsim\third_party\ftxui\examples\component\flexbox_gallery.cpp", "C++", 0, 0, 0, 0, 0, 0, 0, 165, 0, 0, 0, 0, 0, 0, 0, 3, 24, 192
"c:\Users\Hanno\OneDrive\Code\DHBW Systemnahe Programmierung\picsim\third_party\ftxui\examples\component\focus.cpp", "C++", 0, 0, 0, 0, 0, 0, 0, 56, 0, 0, 0, 0, 0, 0, 0, 3, 11, 70
"c:\Users\Hanno\OneDrive\Code\DHBW Systemnahe Programmierung\picsim\third_party\ftxui\examples\component\focus_cursor.cpp", "C++", 0, 0, 0, 0, 0, 0, 0, 30, 0, 0, 0, 0, 0, 0, 0, 3, 5, 38
"c:\Users\Hanno\OneDrive\Code\DHBW Systemnahe Programmierung\picsim\third_party\ftxui\examples\component\gallery.cpp", "C++", 0, 0, 0, 0, 0, 0, 0, 121, 0, 0, 0, 0, 0, 0, 0, 15, 19, 155
"c:\Users\Hanno\OneDrive\Code\DHBW Systemnahe Programmierung\picsim\third_party\ftxui\examples\component\homescreen.cpp", "C++", 0, 0, 0, 0, 0, 0, 0, 462, 0, 0, 0, 0, 0, 0, 0, 34, 40, 536
"c:\Users\Hanno\OneDrive\Code\DHBW Systemnahe Programmierung\picsim\third_party\ftxui\examples\component\input.cpp", "C++", 0, 0, 0, 0, 0, 0, 0, 49, 0, 0, 0, 0, 0, 0, 0, 10, 10, 69
"c:\Users\Hanno\OneDrive\Code\DHBW Systemnahe Programmierung\picsim\third_party\ftxui\examples\component\input_in_frame.cpp", "C++", 0, 0, 0, 0, 0, 0, 0, 22, 0, 0, 0, 0, 0, 0, 0, 3, 6, 31
"c:\Users\Hanno\OneDrive\Code\DHBW Systemnahe Programmierung\picsim\third_party\ftxui\examples\component\input_style.cpp", "C++", 0, 0, 0, 0, 0, 0, 0, 78, 0, 0, 0, 0, 0, 0, 0, 3, 17, 98
"c:\Users\Hanno\OneDrive\Code\DHBW Systemnahe Programmierung\picsim\third_party\ftxui\examples\component\linear_gradient_gallery.cpp", "C++", 0, 0, 0, 0, 0, 0, 0, 43, 0, 0, 0, 0, 0, 0, 0, 3, 10, 56
"c:\Users\Hanno\OneDrive\Code\DHBW Systemnahe Programmierung\picsim\third_party\ftxui\examples\component\maybe.cpp", "C++", 0, 0, 0, 0, 0, 0, 0, 31, 0, 0, 0, 0, 0, 0, 0, 3, 8, 42
"c:\Users\Hanno\OneDrive\Code\DHBW Systemnahe Programmierung\picsim\third_party\ftxui\examples\component\menu.cpp", "C++", 0, 0, 0, 0, 0, 0, 0, 23, 0, 0, 0, 0, 0, 0, 0, 3, 7, 33
"c:\Users\Hanno\OneDrive\Code\DHBW Systemnahe Programmierung\picsim\third_party\ftxui\examples\component\menu2.cpp", "C++", 0, 0, 0, 0, 0, 0, 0, 64, 0, 0, 0, 0, 0, 0, 0, 7, 9, 80
"c:\Users\Hanno\OneDrive\Code\DHBW Systemnahe Programmierung\picsim\third_party\ftxui\examples\component\menu_entries.cpp", "C++", 0, 0, 0, 0, 0, 0, 0, 64, 0, 0, 0, 0, 0, 0, 0, 5, 13, 82
"c:\Users\Hanno\OneDrive\Code\DHBW Systemnahe Programmierung\picsim\third_party\ftxui\examples\component\menu_entries_animated.cpp", "C++", 0, 0, 0, 0, 0, 0, 0, 52, 0, 0, 0, 0, 0, 0, 0, 5, 9, 66
"c:\Users\Hanno\OneDrive\Code\DHBW Systemnahe Programmierung\picsim\third_party\ftxui\examples\component\menu_in_frame.cpp", "C++", 0, 0, 0, 0, 0, 0, 0, 23, 0, 0, 0, 0, 0, 0, 0, 3, 7, 33
"c:\Users\Hanno\OneDrive\Code\DHBW Systemnahe Programmierung\picsim\third_party\ftxui\examples\component\menu_in_frame_horizontal.cpp", "C++", 0, 0, 0, 0, 0, 0, 0, 21, 0, 0, 0, 0, 0, 0, 0, 3, 7, 31
"c:\Users\Hanno\OneDrive\Code\DHBW Systemnahe Programmierung\picsim\third_party\ftxui\examples\component\menu_multiple.cpp", "C++", 0, 0, 0, 0, 0, 0, 0, 66, 0, 0, 0, 0, 0, 0, 0, 3, 9, 78
"c:\Users\Hanno\OneDrive\Code\DHBW Systemnahe Programmierung\picsim\third_party\ftxui\examples\component\menu_style.cpp", "C++", 0, 0, 0, 0, 0, 0, 0, 228, 0, 0, 0, 0, 0, 0, 0, 3, 27, 258
"c:\Users\Hanno\OneDrive\Code\DHBW Systemnahe Programmierung\picsim\third_party\ftxui\examples\component\menu_underline_animated_gallery.cpp", "C++", 0, 0, 0, 0, 0, 0, 0, 74, 0, 0, 0, 0, 0, 0, 0, 4, 16, 94
"c:\Users\Hanno\OneDrive\Code\DHBW Systemnahe Programmierung\picsim\third_party\ftxui\examples\component\modal_dialog.cpp", "C++", 0, 0, 0, 0, 0, 0, 0, 58, 0, 0, 0, 0, 0, 0, 0, 13, 12, 83
"c:\Users\Hanno\OneDrive\Code\DHBW Systemnahe Programmierung\picsim\third_party\ftxui\examples\component\modal_dialog_custom.cpp", "C++", 0, 0, 0, 0, 0, 0, 0, 74, 0, 0, 0, 0, 0, 0, 0, 7, 13, 94
"c:\Users\Hanno\OneDrive\Code\DHBW Systemnahe Programmierung\picsim\third_party\ftxui\examples\component\nested_screen.cpp", "C++", 0, 0, 0, 0, 0, 0, 0, 43, 0, 0, 0, 0, 0, 0, 0, 3, 5, 51
"c:\Users\Hanno\OneDrive\Code\DHBW Systemnahe Programmierung\picsim\third_party\ftxui\examples\component\print_key_press.cpp", "C++", 0, 0, 0, 0, 0, 0, 0, 52, 0, 0, 0, 0, 0, 0, 0, 3, 12, 67
"c:\Users\Hanno\OneDrive\Code\DHBW Systemnahe Programmierung\picsim\third_party\ftxui\examples\component\radiobox.cpp", "C++", 0, 0, 0, 0, 0, 0, 0, 18, 0, 0, 0, 0, 0, 0, 0, 3, 5, 26
"c:\Users\Hanno\OneDrive\Code\DHBW Systemnahe Programmierung\picsim\third_party\ftxui\examples\component\radiobox_in_frame.cpp", "C++", 0, 0, 0, 0, 0, 0, 0, 23, 0, 0, 0, 0, 0, 0, 0, 3, 7, 33
"c:\Users\Hanno\OneDrive\Code\DHBW Systemnahe Programmierung\picsim\third_party\ftxui\examples\component\renderer.cpp", "C++", 0, 0, 0, 0, 0, 0, 0, 32, 0, 0, 0, 0, 0, 0, 0, 9, 8, 49
"c:\Users\Hanno\OneDrive\Code\DHBW Systemnahe Programmierung\picsim\third_party\ftxui\examples\component\resizable_split.cpp", "C++", 0, 0, 0, 0, 0, 0, 0, 27, 0, 0, 0, 0, 0, 0, 0, 3, 9, 39
"c:\Users\Hanno\OneDrive\Code\DHBW Systemnahe Programmierung\picsim\third_party\ftxui\examples\component\scrollbar.cpp", "C++", 0, 0, 0, 0, 0, 0, 0, 97, 0, 0, 0, 0, 0, 0, 0, 3, 13, 113
"c:\Users\Hanno\OneDrive\Code\DHBW Systemnahe Programmierung\picsim\third_party\ftxui\examples\component\selection.cpp", "C++", 0, 0, 0, 0, 0, 0, 0, 75, 0, 0, 0, 0, 0, 0, 0, 4, 9, 88
"c:\Users\Hanno\OneDrive\Code\DHBW Systemnahe Programmierung\picsim\third_party\ftxui\examples\component\slider.cpp", "C++", 0, 0, 0, 0, 0, 0, 0, 10, 0, 0, 0, 0, 0, 0, 0, 3, 4, 17
"c:\Users\Hanno\OneDrive\Code\DHBW Systemnahe Programmierung\picsim\third_party\ftxui\examples\component\slider_direction.cpp", "C++", 0, 0, 0, 0, 0, 0, 0, 30, 0, 0, 0, 0, 0, 0, 0, 12, 8, 50
"c:\Users\Hanno\OneDrive\Code\DHBW Systemnahe Programmierung\picsim\third_party\ftxui\examples\component\slider_rgb.cpp", "C++", 0, 0, 0, 0, 0, 0, 0, 51, 0, 0, 0, 0, 0, 0, 0, 3, 8, 62
"c:\Users\Hanno\OneDrive\Code\DHBW Systemnahe Programmierung\picsim\third_party\ftxui\examples\component\tab_horizontal.cpp", "C++", 0, 0, 0, 0, 0, 0, 0, 58, 0, 0, 0, 0, 0, 0, 0, 3, 10, 71
"c:\Users\Hanno\OneDrive\Code\DHBW Systemnahe Programmierung\picsim\third_party\ftxui\examples\component\tab_vertical.cpp", "C++", 0, 0, 0, 0, 0, 0, 0, 58, 0, 0, 0, 0, 0, 0, 0, 3, 10, 71
"c:\Users\Hanno\OneDrive\Code\DHBW Systemnahe Programmierung\picsim\third_party\ftxui\examples\component\textarea.cpp", "C++", 0, 0, 0, 0, 0, 0, 0, 26, 0, 0, 0, 0, 0, 0, 0, 3, 6, 35
"c:\Users\Hanno\OneDrive\Code\DHBW Systemnahe Programmierung\picsim\third_party\ftxui\examples\component\toggle.cpp", "C++", 0, 0, 0, 0, 0, 0, 0, 54, 0, 0, 0, 0, 0, 0, 0, 3, 8, 65
"c:\Users\Hanno\OneDrive\Code\DHBW Systemnahe Programmierung\picsim\third_party\ftxui\examples\component\window.cpp", "C++", 0, 0, 0, 0, 0, 0, 0, 71, 0, 0, 0, 0, 0, 0, 0, 3, 15, 89
"c:\Users\Hanno\OneDrive\Code\DHBW Systemnahe Programmierung\picsim\third_party\ftxui\examples\component\with_restored_io.cpp", "C++", 0, 0, 0, 0, 0, 0, 0, 45, 0, 0, 0, 0, 0, 0, 0, 6, 10, 61
"c:\Users\Hanno\OneDrive\Code\DHBW Systemnahe Programmierung\picsim\third_party\ftxui\examples\dom\CMakeLists.txt", "CMake", 0, 0, 37, 0, 0, 0, 0, 0, 0, 0, 0, 0, 0, 0, 0, 0, 2, 39
"c:\Users\Hanno\OneDrive\Code\DHBW Systemnahe Programmierung\picsim\third_party\ftxui\examples\dom\border.cpp", "C++", 0, 0, 0, 0, 0, 0, 0, 31, 0, 0, 0, 0, 0, 0, 0, 3, 5, 39
"c:\Users\Hanno\OneDrive\Code\DHBW Systemnahe Programmierung\picsim\third_party\ftxui\examples\dom\border_colored.cpp", "C++", 0, 0, 0, 0, 0, 0, 0, 31, 0, 0, 0, 0, 0, 0, 0, 3, 6, 40
"c:\Users\Hanno\OneDrive\Code\DHBW Systemnahe Programmierung\picsim\third_party\ftxui\examples\dom\border_style.cpp", "C++", 0, 0, 0, 0, 0, 0, 0, 21, 0, 0, 0, 0, 0, 0, 0, 3, 5, 29
"c:\Users\Hanno\OneDrive\Code\DHBW Systemnahe Programmierung\picsim\third_party\ftxui\examples\dom\canvas.cpp", "C++", 0, 0, 0, 0, 0, 0, 0, 32, 0, 0, 0, 0, 0, 0, 0, 6, 11, 49
"c:\Users\Hanno\OneDrive\Code\DHBW Systemnahe Programmierung\picsim\third_party\ftxui\examples\dom\color_gallery.cpp", "C++", 0, 0, 0, 0, 0, 0, 0, 124, 0, 0, 0, 0, 0, 0, 0, 7, 11, 142
"c:\Users\Hanno\OneDrive\Code\DHBW Systemnahe Programmierung\picsim\third_party\ftxui\examples\dom\color_info_palette256.cpp", "C++", 0, 0, 0, 0, 0, 0, 0, 28, 0, 0, 0, 0, 0, 0, 0, 4, 8, 40
"c:\Users\Hanno\OneDrive\Code\DHBW Systemnahe Programmierung\picsim\third_party\ftxui\examples\dom\color_info_sorted_2d.ipp", "C++", 0, 0, 0, 0, 0, 0, 0, 44, 0, 0, 0, 0, 0, 0, 0, 4, 6, 54
"c:\Users\Hanno\OneDrive\Code\DHBW Systemnahe Programmierung\picsim\third_party\ftxui\examples\dom\color_truecolor_HSV.cpp", "C++", 0, 0, 0, 0, 0, 0, 0, 25, 0, 0, 0, 0, 0, 0, 0, 3, 8, 36
"c:\Users\Hanno\OneDrive\Code\DHBW Systemnahe Programmierung\picsim\third_party\ftxui\examples\dom\color_truecolor_RGB.cpp", "C++", 0, 0, 0, 0, 0, 0, 0, 42, 0, 0, 0, 0, 0, 0, 0, 3, 9, 54
"c:\Users\Hanno\OneDrive\Code\DHBW Systemnahe Programmierung\picsim\third_party\ftxui\examples\dom\dbox.cpp", "C++", 0, 0, 0, 0, 0, 0, 0, 22, 0, 0, 0, 0, 0, 0, 0, 3, 5, 30
"c:\Users\Hanno\OneDrive\Code\DHBW Systemnahe Programmierung\picsim\third_party\ftxui\examples\dom\gauge.cpp", "C++", 0, 0, 0, 0, 0, 0, 0, 29, 0, 0, 0, 0, 0, 0, 0, 3, 5, 37
"c:\Users\Hanno\OneDrive\Code\DHBW Systemnahe Programmierung\picsim\third_party\ftxui\examples\dom\gauge_direction.cpp", "C++", 0, 0, 0, 0, 0, 0, 0, 65, 0, 0, 0, 0, 0, 0, 0, 3, 11, 79
"c:\Users\Hanno\OneDrive\Code\DHBW Systemnahe Programmierung\picsim\third_party\ftxui\examples\dom\graph.cpp", "C++", 0, 0, 0, 0, 0, 0, 0, 73, 0, 0, 0, 0, 0, 0, 0, 3, 12, 88
"c:\Users\Hanno\OneDrive\Code\DHBW Systemnahe Programmierung\picsim\third_party\ftxui\examples\dom\gridbox.cpp", "C++", 0, 0, 0, 0, 0, 0, 0, 42, 0, 0, 0, 0, 0, 0, 0, 3, 4, 49
"c:\Users\Hanno\OneDrive\Code\DHBW Systemnahe Programmierung\picsim\third_party\ftxui\examples\dom\hflow.cpp", "C++", 0, 0, 0, 0, 0, 0, 0, 43, 0, 0, 0, 0, 0, 0, 0, 3, 7, 53
"c:\Users\Hanno\OneDrive\Code\DHBW Systemnahe Programmierung\picsim\third_party\ftxui\examples\dom\html_like.cpp", "C++", 0, 0, 0, 0, 0, 0, 0, 49, 0, 0, 0, 0, 0, 0, 0, 3, 8, 60
"c:\Users\Hanno\OneDrive\Code\DHBW Systemnahe Programmierung\picsim\third_party\ftxui\examples\dom\linear_gradient.cpp", "C++", 0, 0, 0, 0, 0, 0, 0, 18, 0, 0, 0, 0, 0, 0, 0, 3, 5, 26
"c:\Users\Hanno\OneDrive\Code\DHBW Systemnahe Programmierung\picsim\third_party\ftxui\examples\dom\package_manager.cpp", "C++", 0, 0, 0, 0, 0, 0, 0, 119, 0, 0, 0, 0, 0, 0, 0, 9, 21, 149
"c:\Users\Hanno\OneDrive\Code\DHBW Systemnahe Programmierung\picsim\third_party\ftxui\examples\dom\paragraph.cpp", "C++", 0, 0, 0, 0, 0, 0, 0, 38, 0, 0, 0, 0, 0, 0, 0, 7, 9, 54
"c:\Users\Hanno\OneDrive\Code\DHBW Systemnahe Programmierung\picsim\third_party\ftxui\examples\dom\separator.cpp", "C++", 0, 0, 0, 0, 0, 0, 0, 24, 0, 0, 0, 0, 0, 0, 0, 3, 4, 31
"c:\Users\Hanno\OneDrive\Code\DHBW Systemnahe Programmierung\picsim\third_party\ftxui\examples\dom\separator_style.cpp", "C++", 0, 0, 0, 0, 0, 0, 0, 36, 0, 0, 0, 0, 0, 0, 0, 3, 8, 47
"c:\Users\Hanno\OneDrive\Code\DHBW Systemnahe Programmierung\picsim\third_party\ftxui\examples\dom\size.cpp", "C++", 0, 0, 0, 0, 0, 0, 0, 23, 0, 0, 0, 0, 0, 0, 0, 3, 6, 32
"c:\Users\Hanno\OneDrive\Code\DHBW Systemnahe Programmierung\picsim\third_party\ftxui\examples\dom\spinner.cpp", "C++", 0, 0, 0, 0, 0, 0, 0, 39, 0, 0, 0, 0, 0, 0, 0, 3, 5, 47
"c:\Users\Hanno\OneDrive\Code\DHBW Systemnahe Programmierung\picsim\third_party\ftxui\examples\dom\style_blink.cpp", "C++", 0, 0, 0, 0, 0, 0, 0, 18, 0, 0, 0, 0, 0, 0, 0, 3, 4, 25
"c:\Users\Hanno\OneDrive\Code\DHBW Systemnahe Programmierung\picsim\third_party\ftxui\examples\dom\style_bold.cpp", "C++", 0, 0, 0, 0, 0, 0, 0, 18, 0, 0, 0, 0, 0, 0, 0, 3, 4, 25
"c:\Users\Hanno\OneDrive\Code\DHBW Systemnahe Programmierung\picsim\third_party\ftxui\examples\dom\style_color.cpp", "C++", 0, 0, 0, 0, 0, 0, 0, 60, 0, 0, 0, 0, 0, 0, 0, 3, 5, 68
"c:\Users\Hanno\OneDrive\Code\DHBW Systemnahe Programmierung\picsim\third_party\ftxui\examples\dom\style_dim.cpp", "C++", 0, 0, 0, 0, 0, 0, 0, 18, 0, 0, 0, 0, 0, 0, 0, 3, 4, 25
"c:\Users\Hanno\OneDrive\Code\DHBW Systemnahe Programmierung\picsim\third_party\ftxui\examples\dom\style_gallery.cpp", "C++", 0, 0, 0, 0, 0, 0, 0, 27, 0, 0, 0, 0, 0, 0, 0, 5, 4, 36
"c:\Users\Hanno\OneDrive\Code\DHBW Systemnahe Programmierung\picsim\third_party\ftxui\examples\dom\style_hyperlink.cpp", "C++", 0, 0, 0, 0, 0, 0, 0, 18, 0, 0, 0, 0, 0, 0, 0, 3, 4, 25
"c:\Users\Hanno\OneDrive\Code\DHBW Systemnahe Programmierung\picsim\third_party\ftxui\examples\dom\style_inverted.cpp", "C++", 0, 0, 0, 0, 0, 0, 0, 17, 0, 0, 0, 0, 0, 0, 0, 3, 4, 24
"c:\Users\Hanno\OneDrive\Code\DHBW Systemnahe Programmierung\picsim\third_party\ftxui\examples\dom\style_italic.cpp", "C++", 0, 0, 0, 0, 0, 0, 0, 17, 0, 0, 0, 0, 0, 0, 0, 3, 4, 24
"c:\Users\Hanno\OneDrive\Code\DHBW Systemnahe Programmierung\picsim\third_party\ftxui\examples\dom\style_strikethrough.cpp", "C++", 0, 0, 0, 0, 0, 0, 0, 18, 0, 0, 0, 0, 0, 0, 0, 3, 4, 25
"c:\Users\Hanno\OneDrive\Code\DHBW Systemnahe Programmierung\picsim\third_party\ftxui\examples\dom\style_underlined.cpp", "C++", 0, 0, 0, 0, 0, 0, 0, 18, 0, 0, 0, 0, 0, 0, 0, 3, 4, 25
"c:\Users\Hanno\OneDrive\Code\DHBW Systemnahe Programmierung\picsim\third_party\ftxui\examples\dom\style_underlined_double.cpp", "C++", 0, 0, 0, 0, 0, 0, 0, 18, 0, 0, 0, 0, 0, 0, 0, 3, 4, 25
"c:\Users\Hanno\OneDrive\Code\DHBW Systemnahe Programmierung\picsim\third_party\ftxui\examples\dom\table.cpp", "C++", 0, 0, 0, 0, 0, 0, 0, 47, 0, 0, 0, 0, 0, 0, 0, 8, 11, 66
"c:\Users\Hanno\OneDrive\Code\DHBW Systemnahe Programmierung\picsim\third_party\ftxui\examples\dom\vbox_hbox.cpp", "C++", 0, 0, 0, 0, 0, 0, 0, 34, 0, 0, 0, 0, 0, 0, 0, 3, 4, 41
"c:\Users\Hanno\OneDrive\Code\DHBW Systemnahe Programmierung\picsim\third_party\ftxui\examples\dom\vflow.cpp", "C++", 0, 0, 0, 0, 0, 0, 0, 41, 0, 0, 0, 0, 0, 0, 0, 3, 6, 50
"c:\Users\Hanno\OneDrive\Code\DHBW Systemnahe Programmierung\picsim\third_party\ftxui\examples\index.css", "PostCSS", 0, 0, 0, 0, 0, 0, 0, 0, 0, 0, 0, 92, 0, 0, 0, 0, 16, 108
"c:\Users\Hanno\OneDrive\Code\DHBW Systemnahe Programmierung\picsim\third_party\ftxui\examples\index.html", "HTML", 0, 0, 0, 0, 0, 0, 0, 0, 0, 0, 30, 0, 0, 0, 0, 0, 3, 33
"c:\Users\Hanno\OneDrive\Code\DHBW Systemnahe Programmierung\picsim\third_party\ftxui\examples\index.mjs", "JavaScript", 0, 0, 0, 0, 0, 0, 0, 0, 0, 0, 0, 0, 0, 83, 0, 3, 15, 101
"c:\Users\Hanno\OneDrive\Code\DHBW Systemnahe Programmierung\picsim\third_party\ftxui\examples\run_webassembly.py", "Python", 0, 0, 0, 0, 0, 0, 0, 0, 0, 0, 0, 0, 0, 0, 16, 1, 4, 21
"c:\Users\Hanno\OneDrive\Code\DHBW Systemnahe Programmierung\picsim\third_party\ftxui\examples\sw.js", "JavaScript", 0, 0, 0, 0, 0, 0, 0, 0, 0, 0, 0, 0, 0, 20, 0, 1, 5, 26
"c:\Users\Hanno\OneDrive\Code\DHBW Systemnahe Programmierung\picsim\third_party\ftxui\include\ftxui\component\animation.hpp", "C++", 0, 0, 0, 0, 0, 0, 0, 69, 0, 0, 0, 0, 0, 0, 0, 21, 24, 114
"c:\Users\Hanno\OneDrive\Code\DHBW Systemnahe Programmierung\picsim\third_party\ftxui\include\ftxui\component\captured_mouse.hpp", "C++", 0, 0, 0, 0, 0, 0, 0, 16, 0, 0, 0, 0, 0, 0, 0, 3, 4, 23
"c:\Users\Hanno\OneDrive\Code\DHBW Systemnahe Programmierung\picsim\third_party\ftxui\include\ftxui\component\component.hpp", "C++", 0, 0, 0, 0, 0, 0, 0, 111, 0, 0, 0, 0, 0, 0, 0, 6, 26, 143
"c:\Users\Hanno\OneDrive\Code\DHBW Systemnahe Programmierung\picsim\third_party\ftxui\include\ftxui\component\component_base.hpp", "C++", 0, 0, 0, 0, 0, 0, 0, 53, 0, 0, 0, 0, 0, 0, 0, 29, 24, 106
"c:\Users\Hanno\OneDrive\Code\DHBW Systemnahe Programmierung\picsim\third_party\ftxui\include\ftxui\component\component_options.hpp", "C++", 0, 0, 0, 0, 0, 0, 0, 179, 0, 0, 0, 0, 0, 0, 0, 58, 48, 285
"c:\Users\Hanno\OneDrive\Code\DHBW Systemnahe Programmierung\picsim\third_party\ftxui\include\ftxui\component\event.hpp", "C++", 0, 0, 0, 0, 0, 0, 0, 101, 0, 0, 0, 0, 0, 0, 0, 26, 26, 153
"c:\Users\Hanno\OneDrive\Code\DHBW Systemnahe Programmierung\picsim\third_party\ftxui\include\ftxui\component\loop.hpp", "C++", 0, 0, 0, 0, 0, 0, 0, 27, 0, 0, 0, 0, 0, 0, 0, 4, 11, 42
"c:\Users\Hanno\OneDrive\Code\DHBW Systemnahe Programmierung\picsim\third_party\ftxui\include\ftxui\component\mouse.hpp", "C++", 0, 0, 0, 0, 0, 0, 0, 29, 0, 0, 0, 0, 0, 0, 0, 10, 9, 48
"c:\Users\Hanno\OneDrive\Code\DHBW Systemnahe Programmierung\picsim\third_party\ftxui\include\ftxui\component\receiver.hpp", "C++", 0, 0, 0, 0, 0, 0, 0, 95, 0, 0, 0, 0, 0, 0, 0, 29, 22, 146
"c:\Users\Hanno\OneDrive\Code\DHBW Systemnahe Programmierung\picsim\third_party\ftxui\include\ftxui\component\screen_interactive.hpp", "C++", 0, 0, 0, 0, 0, 0, 0, 113, 0, 0, 0, 0, 0, 0, 0, 20, 35, 168
"c:\Users\Hanno\OneDrive\Code\DHBW Systemnahe Programmierung\picsim\third_party\ftxui\include\ftxui\component\task.hpp", "C++", 0, 0, 0, 0, 0, 0, 0, 11, 0, 0, 0, 0, 0, 0, 0, 3, 4, 18
"c:\Users\Hanno\OneDrive\Code\DHBW Systemnahe Programmierung\picsim\third_party\ftxui\include\ftxui\dom\canvas.hpp", "C++", 0, 0, 0, 0, 0, 0, 0, 108, 0, 0, 0, 0, 0, 0, 0, 19, 21, 148
"c:\Users\Hanno\OneDrive\Code\DHBW Systemnahe Programmierung\picsim\third_party\ftxui\include\ftxui\dom\deprecated.hpp", "C++", 0, 0, 0, 0, 0, 0, 0, 10, 0, 0, 0, 0, 0, 0, 0, 3, 4, 17
"c:\Users\Hanno\OneDrive\Code\DHBW Systemnahe Programmierung\picsim\third_party\ftxui\include\ftxui\dom\direction.hpp", "C++", 0, 0, 0, 0, 0, 0, 0, 11, 0, 0, 0, 0, 0, 0, 0, 3, 4, 18
"c:\Users\Hanno\OneDrive\Code\DHBW Systemnahe Programmierung\picsim\third_party\ftxui\include\ftxui\dom\elements.hpp", "C++", 0, 0, 0, 0, 0, 0, 0, 153, 0, 0, 0, 0, 0, 0, 0, 27, 23, 203
"c:\Users\Hanno\OneDrive\Code\DHBW Systemnahe Programmierung\picsim\third_party\ftxui\include\ftxui\dom\flexbox_config.hpp", "C++", 0, 0, 0, 0, 0, 0, 0, 55, 0, 0, 0, 0, 0, 0, 0, 48, 12, 115
"c:\Users\Hanno\OneDrive\Code\DHBW Systemnahe Programmierung\picsim\third_party\ftxui\include\ftxui\dom\linear_gradient.hpp", "C++", 0, 0, 0, 0, 0, 0, 0, 22, 0, 0, 0, 0, 0, 0, 0, 21, 9, 52
"c:\Users\Hanno\OneDrive\Code\DHBW Systemnahe Programmierung\picsim\third_party\ftxui\include\ftxui\dom\node.hpp", "C++", 0, 0, 0, 0, 0, 0, 0, 47, 0, 0, 0, 0, 0, 0, 0, 14, 19, 80
"c:\Users\Hanno\OneDrive\Code\DHBW Systemnahe Programmierung\picsim\third_party\ftxui\include\ftxui\dom\requirement.hpp", "C++", 0, 0, 0, 0, 0, 0, 0, 33, 0, 0, 0, 0, 0, 0, 0, 8, 11, 52
"c:\Users\Hanno\OneDrive\Code\DHBW Systemnahe Programmierung\picsim\third_party\ftxui\include\ftxui\dom\selection.hpp", "C++", 0, 0, 0, 0, 0, 0, 0, 32, 0, 0, 0, 0, 0, 0, 0, 5, 14, 51
"c:\Users\Hanno\OneDrive\Code\DHBW Systemnahe Programmierung\picsim\third_party\ftxui\include\ftxui\dom\table.hpp", "C++", 0, 0, 0, 0, 0, 0, 0, 60, 0, 0, 0, 0, 0, 0, 0, 21, 15, 96
"c:\Users\Hanno\OneDrive\Code\DHBW Systemnahe Programmierung\picsim\third_party\ftxui\include\ftxui\dom\take_any_args.hpp", "C++", 0, 0, 0, 0, 0, 0, 0, 33, 0, 0, 0, 0, 0, 0, 0, 6, 10, 49
"c:\Users\Hanno\OneDrive\Code\DHBW Systemnahe Programmierung\picsim\third_party\ftxui\include\ftxui\screen\box.hpp", "C++", 0, 0, 0, 0, 0, 0, 0, 18, 0, 0, 0, 0, 0, 0, 0, 3, 6, 27
"c:\Users\Hanno\OneDrive\Code\DHBW Systemnahe Programmierung\picsim\third_party\ftxui\include\ftxui\screen\color.hpp", "C++", 0, 0, 0, 0, 0, 0, 0, 312, 0, 0, 0, 0, 0, 0, 0, 17, 17, 346
"c:\Users\Hanno\OneDrive\Code\DHBW Systemnahe Programmierung\picsim\third_party\ftxui\include\ftxui\screen\color_info.hpp", "C++", 0, 0, 0, 0, 0, 0, 0, 20, 0, 0, 0, 0, 0, 0, 0, 3, 7, 30
"c:\Users\Hanno\OneDrive\Code\DHBW Systemnahe Programmierung\picsim\third_party\ftxui\include\ftxui\screen\deprecated.hpp", "C++", 0, 0, 0, 0, 0, 0, 0, 8, 0, 0, 0, 0, 0, 0, 0, 3, 4, 15
"c:\Users\Hanno\OneDrive\Code\DHBW Systemnahe Programmierung\picsim\third_party\ftxui\include\ftxui\screen\image.hpp", "C++", 0, 0, 0, 0, 0, 0, 0, 26, 0, 0, 0, 0, 0, 0, 0, 10, 13, 49
"c:\Users\Hanno\OneDrive\Code\DHBW Systemnahe Programmierung\picsim\third_party\ftxui\include\ftxui\screen\pixel.hpp", "C++", 0, 0, 0, 0, 0, 0, 0, 33, 0, 0, 0, 0, 0, 0, 0, 12, 10, 55
"c:\Users\Hanno\OneDrive\Code\DHBW Systemnahe Programmierung\picsim\third_party\ftxui\include\ftxui\screen\screen.hpp", "C++", 0, 0, 0, 0, 0, 0, 0, 54, 0, 0, 0, 0, 0, 0, 0, 15, 20, 89
"c:\Users\Hanno\OneDrive\Code\DHBW Systemnahe Programmierung\picsim\third_party\ftxui\include\ftxui\screen\string.hpp", "C++", 0, 0, 0, 0, 0, 0, 0, 16, 0, 0, 0, 0, 0, 0, 0, 7, 9, 32
"c:\Users\Hanno\OneDrive\Code\DHBW Systemnahe Programmierung\picsim\third_party\ftxui\include\ftxui\screen\terminal.hpp", "C++", 0, 0, 0, 0, 0, 0, 0, 21, 0, 0, 0, 0, 0, 0, 0, 3, 7, 31
"c:\Users\Hanno\OneDrive\Code\DHBW Systemnahe Programmierung\picsim\third_party\ftxui\include\ftxui\util\autoreset.hpp", "C++", 0, 0, 0, 0, 0, 0, 0, 22, 0, 0, 0, 0, 0, 0, 0, 4, 7, 33
"c:\Users\Hanno\OneDrive\Code\DHBW Systemnahe Programmierung\picsim\third_party\ftxui\include\ftxui\util\ref.hpp", "C++", 0, 0, 0, 0, 0, 0, 0, 168, 0, 0, 0, 0, 0, 0, 0, 22, 27, 217
"c:\Users\Hanno\OneDrive\Code\DHBW Systemnahe Programmierung\picsim\third_party\ftxui\src\ftxui\component\animation.cpp", "C++", 0, 0, 0, 0, 0, 0, 0, 178, 0, 0, 0, 0, 0, 0, 0, 60, 49, 287
"c:\Users\Hanno\OneDrive\Code\DHBW Systemnahe Programmierung\picsim\third_party\ftxui\src\ftxui\component\animation_test.cpp", "C++", 0, 0, 0, 0, 0, 0, 0, 30, 0, 0, 0, 0, 0, 0, 0, 3, 6, 39
"c:\Users\Hanno\OneDrive\Code\DHBW Systemnahe Programmierung\picsim\third_party\ftxui\src\ftxui\component\button.cpp", "C++", 0, 0, 0, 0, 0, 0, 0, 132, 0, 0, 0, 0, 0, 0, 0, 53, 28, 213
"c:\Users\Hanno\OneDrive\Code\DHBW Systemnahe Programmierung\picsim\third_party\ftxui\src\ftxui\component\button_test.cpp", "C++", 0, 0, 0, 0, 0, 0, 0, 167, 0, 0, 0, 0, 0, 0, 0, 5, 23, 195
"c:\Users\Hanno\OneDrive\Code\DHBW Systemnahe Programmierung\picsim\third_party\ftxui\src\ftxui\component\catch_event.cpp", "C++", 0, 0, 0, 0, 0, 0, 0, 34, 0, 0, 0, 0, 0, 0, 0, 46, 9, 89
"c:\Users\Hanno\OneDrive\Code\DHBW Systemnahe Programmierung\picsim\third_party\ftxui\src\ftxui\component\checkbox.cpp", "C++", 0, 0, 0, 0, 0, 0, 0, 75, 0, 0, 0, 0, 0, 0, 0, 49, 18, 142
"c:\Users\Hanno\OneDrive\Code\DHBW Systemnahe Programmierung\picsim\third_party\ftxui\src\ftxui\component\collapsible.cpp", "C++", 0, 0, 0, 0, 0, 0, 0, 34, 0, 0, 0, 0, 0, 0, 0, 21, 6, 61
"c:\Users\Hanno\OneDrive\Code\DHBW Systemnahe Programmierung\picsim\third_party\ftxui\src\ftxui\component\collapsible_test.cpp", "C++", 0, 0, 0, 0, 0, 0, 0, 40, 0, 0, 0, 0, 0, 0, 0, 5, 11, 56
"c:\Users\Hanno\OneDrive\Code\DHBW Systemnahe Programmierung\picsim\third_party\ftxui\src\ftxui\component\component.cpp", "C++", 0, 0, 0, 0, 0, 0, 0, 157, 0, 0, 0, 0, 0, 0, 0, 68, 33, 258
"c:\Users\Hanno\OneDrive\Code\DHBW Systemnahe Programmierung\picsim\third_party\ftxui\src\ftxui\component\component_fuzzer.cpp", "C++", 0, 0, 0, 0, 0, 0, 0, 196, 0, 0, 0, 0, 0, 0, 0, 4, 30, 230
"c:\Users\Hanno\OneDrive\Code\DHBW Systemnahe Programmierung\picsim\third_party\ftxui\src\ftxui\component\component_options.cpp", "C++", 0, 0, 0, 0, 0, 0, 0, 242, 0, 0, 0, 0, 0, 0, 0, 84, 33, 359
"c:\Users\Hanno\OneDrive\Code\DHBW Systemnahe Programmierung\picsim\third_party\ftxui\src\ftxui\component\component_test.cpp", "C++", 0, 0, 0, 0, 0, 0, 0, 130, 0, 0, 0, 0, 0, 0, 0, 5, 41, 176
"c:\Users\Hanno\OneDrive\Code\DHBW Systemnahe Programmierung\picsim\third_party\ftxui\src\ftxui\component\container.cpp", "C++", 0, 0, 0, 0, 0, 0, 0, 270, 0, 0, 0, 0, 0, 0, 0, 119, 50, 439
"c:\Users\Hanno\OneDrive\Code\DHBW Systemnahe Programmierung\picsim\third_party\ftxui\src\ftxui\component\container_test.cpp", "C++", 0, 0, 0, 0, 0, 0, 0, 292, 0, 0, 0, 0, 0, 0, 0, 13, 33, 338
"c:\Users\Hanno\OneDrive\Code\DHBW Systemnahe Programmierung\picsim\third_party\ftxui\src\ftxui\component\dropdown.cpp", "C++", 0, 0, 0, 0, 0, 0, 0, 107, 0, 0, 0, 0, 0, 0, 0, 15, 20, 142
"c:\Users\Hanno\OneDrive\Code\DHBW Systemnahe Programmierung\picsim\third_party\ftxui\src\ftxui\component\dropdown_test.cpp", "C++", 0, 0, 0, 0, 0, 0, 0, 24, 0, 0, 0, 0, 0, 0, 0, 3, 8, 35
"c:\Users\Hanno\OneDrive\Code\DHBW Systemnahe Programmierung\picsim\third_party\ftxui\src\ftxui\component\event.cpp", "C++", 0, 0, 0, 0, 0, 0, 0, 386, 0, 0, 0, 0, 0, 0, 0, 47, 35, 468
"c:\Users\Hanno\OneDrive\Code\DHBW Systemnahe Programmierung\picsim\third_party\ftxui\src\ftxui\component\hoverable.cpp", "C++", 0, 0, 0, 0, 0, 0, 0, 104, 0, 0, 0, 0, 0, 0, 0, 89, 23, 216
"c:\Users\Hanno\OneDrive\Code\DHBW Systemnahe Programmierung\picsim\third_party\ftxui\src\ftxui\component\hoverable_test.cpp", "C++", 0, 0, 0, 0, 0, 0, 0, 159, 0, 0, 0, 0, 0, 0, 0, 5, 30, 194
"c:\Users\Hanno\OneDrive\Code\DHBW Systemnahe Programmierung\picsim\third_party\ftxui\src\ftxui\component\input.cpp", "C++", 0, 0, 0, 0, 0, 0, 0, 465, 0, 0, 0, 0, 0, 0, 0, 90, 77, 632
"c:\Users\Hanno\OneDrive\Code\DHBW Systemnahe Programmierung\picsim\third_party\ftxui\src\ftxui\component\input_test.cpp", "C++", 0, 0, 0, 0, 0, 0, 0, 621, 0, 0, 0, 0, 0, 0, 0, 7, 157, 785
"c:\Users\Hanno\OneDrive\Code\DHBW Systemnahe Programmierung\picsim\third_party\ftxui\src\ftxui\component\loop.cpp", "C++", 0, 0, 0, 0, 0, 0, 0, 26, 0, 0, 0, 0, 0, 0, 0, 21, 11, 58
"c:\Users\Hanno\OneDrive\Code\DHBW Systemnahe Programmierung\picsim\third_party\ftxui\src\ftxui\component\maybe.cpp", "C++", 0, 0, 0, 0, 0, 0, 0, 41, 0, 0, 0, 0, 0, 0, 0, 41, 11, 93
"c:\Users\Hanno\OneDrive\Code\DHBW Systemnahe Programmierung\picsim\third_party\ftxui\src\ftxui\component\menu.cpp", "C++", 0, 0, 0, 0, 0, 0, 0, 513, 0, 0, 0, 0, 0, 0, 0, 120, 79, 712
"c:\Users\Hanno\OneDrive\Code\DHBW Systemnahe Programmierung\picsim\third_party\ftxui\src\ftxui\component\menu_test.cpp", "C++", 0, 0, 0, 0, 0, 0, 0, 245, 0, 0, 0, 0, 0, 0, 0, 5, 26, 276
"c:\Users\Hanno\OneDrive\Code\DHBW Systemnahe Programmierung\picsim\third_party\ftxui\src\ftxui\component\modal.cpp", "C++", 0, 0, 0, 0, 0, 0, 0, 45, 0, 0, 0, 0, 0, 0, 0, 11, 9, 65
"c:\Users\Hanno\OneDrive\Code\DHBW Systemnahe Programmierung\picsim\third_party\ftxui\src\ftxui\component\modal_test.cpp", "C++", 0, 0, 0, 0, 0, 0, 0, 34, 0, 0, 0, 0, 0, 0, 0, 5, 7, 46
"c:\Users\Hanno\OneDrive\Code\DHBW Systemnahe Programmierung\picsim\third_party\ftxui\src\ftxui\component\radiobox.cpp", "C++", 0, 0, 0, 0, 0, 0, 0, 151, 0, 0, 0, 0, 0, 0, 0, 65, 29, 245
"c:\Users\Hanno\OneDrive\Code\DHBW Systemnahe Programmierung\picsim\third_party\ftxui\src\ftxui\component\radiobox_test.cpp", "C++", 0, 0, 0, 0, 0, 0, 0, 256, 0, 0, 0, 0, 0, 0, 0, 11, 43, 310
"c:\Users\Hanno\OneDrive\Code\DHBW Systemnahe Programmierung\picsim\third_party\ftxui\src\ftxui\component\receiver_test.cpp", "C++", 0, 0, 0, 0, 0, 0, 0, 56, 0, 0, 0, 0, 0, 0, 0, 9, 17, 82
"c:\Users\Hanno\OneDrive\Code\DHBW Systemnahe Programmierung\picsim\third_party\ftxui\src\ftxui\component\renderer.cpp", "C++", 0, 0, 0, 0, 0, 0, 0, 54, 0, 0, 0, 0, 0, 0, 0, 67, 13, 134
"c:\Users\Hanno\OneDrive\Code\DHBW Systemnahe Programmierung\picsim\third_party\ftxui\src\ftxui\component\resizable_split.cpp", "C++", 0, 0, 0, 0, 0, 0, 0, 174, 0, 0, 0, 0, 0, 0, 0, 130, 23, 327
"c:\Users\Hanno\OneDrive\Code\DHBW Systemnahe Programmierung\picsim\third_party\ftxui\src\ftxui\component\resizable_split_test.cpp", "C++", 0, 0, 0, 0, 0, 0, 0, 212, 0, 0, 0, 0, 0, 0, 0, 5, 21, 238
"c:\Users\Hanno\OneDrive\Code\DHBW Systemnahe Programmierung\picsim\third_party\ftxui\src\ftxui\component\screen_interactive.cpp", "C++", 0, 0, 0, 0, 0, 0, 0, 782, 0, 0, 0, 0, 0, 0, 0, 158, 150, 1090
"c:\Users\Hanno\OneDrive\Code\DHBW Systemnahe Programmierung\picsim\third_party\ftxui\src\ftxui\component\screen_interactive_test.cpp", "C++", 0, 0, 0, 0, 0, 0, 0, 104, 0, 0, 0, 0, 0, 0, 0, 8, 23, 135
"c:\Users\Hanno\OneDrive\Code\DHBW Systemnahe Programmierung\picsim\third_party\ftxui\src\ftxui\component\slider.cpp", "C++", 0, 0, 0, 0, 0, 0, 0, 279, 0, 0, 0, 0, 0, 0, 0, 40, 45, 364
"c:\Users\Hanno\OneDrive\Code\DHBW Systemnahe Programmierung\picsim\third_party\ftxui\src\ftxui\component\slider_test.cpp", "C++", 0, 0, 0, 0, 0, 0, 0, 206, 0, 0, 0, 0, 0, 0, 0, 5, 20, 231
"c:\Users\Hanno\OneDrive\Code\DHBW Systemnahe Programmierung\picsim\third_party\ftxui\src\ftxui\component\terminal_input_parser.cpp", "C++", 0, 0, 0, 0, 0, 0, 0, 323, 0, 0, 0, 0, 0, 0, 0, 79, 63, 465
"c:\Users\Hanno\OneDrive\Code\DHBW Systemnahe Programmierung\picsim\third_party\ftxui\src\ftxui\component\terminal_input_parser.hpp", "C++", 0, 0, 0, 0, 0, 0, 0, 56, 0, 0, 0, 0, 0, 0, 0, 4, 14, 74
"c:\Users\Hanno\OneDrive\Code\DHBW Systemnahe Programmierung\picsim\third_party\ftxui\src\ftxui\component\terminal_input_parser_test.cpp", "C++", 0, 0, 0, 0, 0, 0, 0, 369, 0, 0, 0, 0, 0, 0, 0, 107, 39, 515
"c:\Users\Hanno\OneDrive\Code\DHBW Systemnahe Programmierung\picsim\third_party\ftxui\src\ftxui\component\terminal_input_parser_test_fuzzer.cpp", "C++", 0, 0, 0, 0, 0, 0, 0, 15, 0, 0, 0, 0, 0, 0, 0, 4, 3, 22
"c:\Users\Hanno\OneDrive\Code\DHBW Systemnahe Programmierung\picsim\third_party\ftxui\src\ftxui\component\toggle_test.cpp", "C++", 0, 0, 0, 0, 0, 0, 0, 144, 0, 0, 0, 0, 0, 0, 0, 8, 32, 184
"c:\Users\Hanno\OneDrive\Code\DHBW Systemnahe Programmierung\picsim\third_party\ftxui\src\ftxui\component\util.cpp", "C++", 0, 0, 0, 0, 0, 0, 0, 19, 0, 0, 0, 0, 0, 0, 0, 7, 8, 34
"c:\Users\Hanno\OneDrive\Code\DHBW Systemnahe Programmierung\picsim\third_party\ftxui\src\ftxui\component\window.cpp", "C++", 0, 0, 0, 0, 0, 0, 0, 233, 0, 0, 0, 0, 0, 0, 0, 32, 52, 317
"c:\Users\Hanno\OneDrive\Code\DHBW Systemnahe Programmierung\picsim\third_party\ftxui\src\ftxui\dom\automerge.cpp", "C++", 0, 0, 0, 0, 0, 0, 0, 24, 0, 0, 0, 0, 0, 0, 0, 5, 7, 36
"c:\Users\Hanno\OneDrive\Code\DHBW Systemnahe Programmierung\picsim\third_party\ftxui\src\ftxui\dom\benchmark_test.cpp", "C++", 0, 0, 0, 0, 0, 0, 0, 75, 0, 0, 0, 0, 0, 0, 0, 5, 7, 87
"c:\Users\Hanno\OneDrive\Code\DHBW Systemnahe Programmierung\picsim\third_party\ftxui\src\ftxui\dom\blink.cpp", "C++", 0, 0, 0, 0, 0, 0, 0, 26, 0, 0, 0, 0, 0, 0, 0, 5, 7, 38
"c:\Users\Hanno\OneDrive\Code\DHBW Systemnahe Programmierung\picsim\third_party\ftxui\src\ftxui\dom\blink_test.cpp", "C++", 0, 0, 0, 0, 0, 0, 0, 13, 0, 0, 0, 0, 0, 0, 0, 5, 5, 23
"c:\Users\Hanno\OneDrive\Code\DHBW Systemnahe Programmierung\picsim\third_party\ftxui\src\ftxui\dom\bold.cpp", "C++", 0, 0, 0, 0, 0, 0, 0, 26, 0, 0, 0, 0, 0, 0, 0, 5, 7, 38
"c:\Users\Hanno\OneDrive\Code\DHBW Systemnahe Programmierung\picsim\third_party\ftxui\src\ftxui\dom\bold_test.cpp", "C++", 0, 0, 0, 0, 0, 0, 0, 13, 0, 0, 0, 0, 0, 0, 0, 5, 5, 23
"c:\Users\Hanno\OneDrive\Code\DHBW Systemnahe Programmierung\picsim\third_party\ftxui\src\ftxui\dom\border.cpp", "C++", 0, 0, 0, 0, 0, 0, 0, 208, 0, 0, 0, 0, 0, 0, 0, 269, 35, 512
"c:\Users\Hanno\OneDrive\Code\DHBW Systemnahe Programmierung\picsim\third_party\ftxui\src\ftxui\dom\border_test.cpp", "C++", 0, 0, 0, 0, 0, 0, 0, 90, 0, 0, 0, 0, 0, 0, 0, 5, 13, 108
"c:\Users\Hanno\OneDrive\Code\DHBW Systemnahe Programmierung\picsim\third_party\ftxui\src\ftxui\dom\box_helper.cpp", "C++", 0, 0, 0, 0, 0, 0, 0, 66, 0, 0, 0, 0, 0, 0, 0, 13, 14, 93
"c:\Users\Hanno\OneDrive\Code\DHBW Systemnahe Programmierung\picsim\third_party\ftxui\src\ftxui\dom\box_helper.hpp", "C++", 0, 0, 0, 0, 0, 0, 0, 14, 0, 0, 0, 0, 0, 0, 0, 5, 7, 26
"c:\Users\Hanno\OneDrive\Code\DHBW Systemnahe Programmierung\picsim\third_party\ftxui\src\ftxui\dom\canvas.cpp", "C++", 0, 0, 0, 0, 0, 0, 0, 578, 0, 0, 0, 0, 0, 0, 0, 272, 94, 944
"c:\Users\Hanno\OneDrive\Code\DHBW Systemnahe Programmierung\picsim\third_party\ftxui\src\ftxui\dom\canvas_test.cpp", "C++", 0, 0, 0, 0, 0, 0, 0, 94, 0, 0, 0, 0, 0, 0, 0, 5, 10, 109
"c:\Users\Hanno\OneDrive\Code\DHBW Systemnahe Programmierung\picsim\third_party\ftxui\src\ftxui\dom\clear_under.cpp", "C++", 0, 0, 0, 0, 0, 0, 0, 28, 0, 0, 0, 0, 0, 0, 0, 7, 8, 43
"c:\Users\Hanno\OneDrive\Code\DHBW Systemnahe Programmierung\picsim\third_party\ftxui\src\ftxui\dom\color.cpp", "C++", 0, 0, 0, 0, 0, 0, 0, 69, 0, 0, 0, 0, 0, 0, 0, 45, 15, 129
"c:\Users\Hanno\OneDrive\Code\DHBW Systemnahe Programmierung\picsim\third_party\ftxui\src\ftxui\dom\color_test.cpp", "C++", 0, 0, 0, 0, 0, 0, 0, 22, 0, 0, 0, 0, 0, 0, 0, 5, 6, 33
"c:\Users\Hanno\OneDrive\Code\DHBW Systemnahe Programmierung\picsim\third_party\ftxui\src\ftxui\dom\composite_decorator.cpp", "C++", 0, 0, 0, 0, 0, 0, 0, 16, 0, 0, 0, 0, 0, 0, 0, 19, 9, 44
"c:\Users\Hanno\OneDrive\Code\DHBW Systemnahe Programmierung\picsim\third_party\ftxui\src\ftxui\dom\dbox.cpp", "C++", 0, 0, 0, 0, 0, 0, 0, 40, 0, 0, 0, 0, 0, 0, 0, 9, 11, 60
"c:\Users\Hanno\OneDrive\Code\DHBW Systemnahe Programmierung\picsim\third_party\ftxui\src\ftxui\dom\dbox_test.cpp", "C++", 0, 0, 0, 0, 0, 0, 0, 26, 0, 0, 0, 0, 0, 0, 0, 5, 6, 37
"c:\Users\Hanno\OneDrive\Code\DHBW Systemnahe Programmierung\picsim\third_party\ftxui\src\ftxui\dom\dim.cpp", "C++", 0, 0, 0, 0, 0, 0, 0, 26, 0, 0, 0, 0, 0, 0, 0, 5, 7, 38
"c:\Users\Hanno\OneDrive\Code\DHBW Systemnahe Programmierung\picsim\third_party\ftxui\src\ftxui\dom\dim_test.cpp", "C++", 0, 0, 0, 0, 0, 0, 0, 13, 0, 0, 0, 0, 0, 0, 0, 5, 5, 23
"c:\Users\Hanno\OneDrive\Code\DHBW Systemnahe Programmierung\picsim\third_party\ftxui\src\ftxui\dom\flex.cpp", "C++", 0, 0, 0, 0, 0, 0, 0, 106, 0, 0, 0, 0, 0, 0, 0, 45, 31, 182
"c:\Users\Hanno\OneDrive\Code\DHBW Systemnahe Programmierung\picsim\third_party\ftxui\src\ftxui\dom\flexbox.cpp", "C++", 0, 0, 0, 0, 0, 0, 0, 196, 0, 0, 0, 0, 0, 0, 0, 60, 39, 295
"c:\Users\Hanno\OneDrive\Code\DHBW Systemnahe Programmierung\picsim\third_party\ftxui\src\ftxui\dom\flexbox_config.cpp", "C++", 0, 0, 0, 0, 0, 0, 0, 28, 0, 0, 0, 0, 0, 0, 0, 15, 9, 52
"c:\Users\Hanno\OneDrive\Code\DHBW Systemnahe Programmierung\picsim\third_party\ftxui\src\ftxui\dom\flexbox_helper.cpp", "C++", 0, 0, 0, 0, 0, 0, 0, 325, 0, 0, 0, 0, 0, 0, 0, 12, 44, 381
"c:\Users\Hanno\OneDrive\Code\DHBW Systemnahe Programmierung\picsim\third_party\ftxui\src\ftxui\dom\flexbox_helper.hpp", "C++", 0, 0, 0, 0, 0, 0, 0, 37, 0, 0, 0, 0, 0, 0, 0, 7, 10, 54
"c:\Users\Hanno\OneDrive\Code\DHBW Systemnahe Programmierung\picsim\third_party\ftxui\src\ftxui\dom\flexbox_helper_test.cpp", "C++", 0, 0, 0, 0, 0, 0, 0, 181, 0, 0, 0, 0, 0, 0, 0, 5, 48, 234
"c:\Users\Hanno\OneDrive\Code\DHBW Systemnahe Programmierung\picsim\third_party\ftxui\src\ftxui\dom\flexbox_test.cpp", "C++", 0, 0, 0, 0, 0, 0, 0, 417, 0, 0, 0, 0, 0, 0, 0, 5, 40, 462
"c:\Users\Hanno\OneDrive\Code\DHBW Systemnahe Programmierung\picsim\third_party\ftxui\src\ftxui\dom\focus.cpp", "C++", 0, 0, 0, 0, 0, 0, 0, 52, 0, 0, 0, 0, 0, 0, 0, 32, 13, 97
"c:\Users\Hanno\OneDrive\Code\DHBW Systemnahe Programmierung\picsim\third_party\ftxui\src\ftxui\dom\frame.cpp", "C++", 0, 0, 0, 0, 0, 0, 0, 118, 0, 0, 0, 0, 0, 0, 0, 77, 28, 223
"c:\Users\Hanno\OneDrive\Code\DHBW Systemnahe Programmierung\picsim\third_party\ftxui\src\ftxui\dom\gauge.cpp", "C++", 0, 0, 0, 0, 0, 0, 0, 150, 0, 0, 0, 0, 0, 0, 0, 125, 23, 298
"c:\Users\Hanno\OneDrive\Code\DHBW Systemnahe Programmierung\picsim\third_party\ftxui\src\ftxui\dom\gauge_test.cpp", "C++", 0, 0, 0, 0, 0, 0, 0, 82, 0, 0, 0, 0, 0, 0, 0, 5, 16, 103
"c:\Users\Hanno\OneDrive\Code\DHBW Systemnahe Programmierung\picsim\third_party\ftxui\src\ftxui\dom\graph.cpp", "C++", 0, 0, 0, 0, 0, 0, 0, 57, 0, 0, 0, 0, 0, 0, 0, 8, 11, 76
"c:\Users\Hanno\OneDrive\Code\DHBW Systemnahe Programmierung\picsim\third_party\ftxui\src\ftxui\dom\gridbox.cpp", "C++", 0, 0, 0, 0, 0, 0, 0, 121, 0, 0, 0, 0, 0, 0, 0, 37, 20, 178
"c:\Users\Hanno\OneDrive\Code\DHBW Systemnahe Programmierung\picsim\third_party\ftxui\src\ftxui\dom\gridbox_test.cpp", "C++", 0, 0, 0, 0, 0, 0, 0, 564, 0, 0, 0, 0, 0, 0, 0, 7, 51, 622
"c:\Users\Hanno\OneDrive\Code\DHBW Systemnahe Programmierung\picsim\third_party\ftxui\src\ftxui\dom\hbox.cpp", "C++", 0, 0, 0, 0, 0, 0, 0, 65, 0, 0, 0, 0, 0, 0, 0, 19, 15, 99
"c:\Users\Hanno\OneDrive\Code\DHBW Systemnahe Programmierung\picsim\third_party\ftxui\src\ftxui\dom\hbox_test.cpp", "C++", 0, 0, 0, 0, 0, 0, 0, 328, 0, 0, 0, 0, 0, 0, 0, 6, 29, 363
"c:\Users\Hanno\OneDrive\Code\DHBW Systemnahe Programmierung\picsim\third_party\ftxui\src\ftxui\dom\hyperlink.cpp", "C++", 0, 0, 0, 0, 0, 0, 0, 33, 0, 0, 0, 0, 0, 0, 0, 33, 9, 75
"c:\Users\Hanno\OneDrive\Code\DHBW Systemnahe Programmierung\picsim\third_party\ftxui\src\ftxui\dom\hyperlink_test.cpp", "C++", 0, 0, 0, 0, 0, 0, 0, 32, 0, 0, 0, 0, 0, 0, 0, 3, 8, 43
"c:\Users\Hanno\OneDrive\Code\DHBW Systemnahe Programmierung\picsim\third_party\ftxui\src\ftxui\dom\inverted.cpp", "C++", 0, 0, 0, 0, 0, 0, 0, 26, 0, 0, 0, 0, 0, 0, 0, 6, 7, 39
"c:\Users\Hanno\OneDrive\Code\DHBW Systemnahe Programmierung\picsim\third_party\ftxui\src\ftxui\dom\italic.cpp", "C++", 0, 0, 0, 0, 0, 0, 0, 24, 0, 0, 0, 0, 0, 0, 0, 5, 7, 36
"c:\Users\Hanno\OneDrive\Code\DHBW Systemnahe Programmierung\picsim\third_party\ftxui\src\ftxui\dom\italic_test.cpp", "C++", 0, 0, 0, 0, 0, 0, 0, 13, 0, 0, 0, 0, 0, 0, 0, 5, 5, 23
"c:\Users\Hanno\OneDrive\Code\DHBW Systemnahe Programmierung\picsim\third_party\ftxui\src\ftxui\dom\linear_gradient.cpp", "C++", 0, 0, 0, 0, 0, 0, 0, 171, 0, 0, 0, 0, 0, 0, 0, 97, 35, 303
"c:\Users\Hanno\OneDrive\Code\DHBW Systemnahe Programmierung\picsim\third_party\ftxui\src\ftxui\dom\linear_gradient_test.cpp", "C++", 0, 0, 0, 0, 0, 0, 0, 70, 0, 0, 0, 0, 0, 0, 0, 5, 16, 91
"c:\Users\Hanno\OneDrive\Code\DHBW Systemnahe Programmierung\picsim\third_party\ftxui\src\ftxui\dom\node.cpp", "C++", 0, 0, 0, 0, 0, 0, 0, 126, 0, 0, 0, 0, 0, 0, 0, 47, 32, 205
"c:\Users\Hanno\OneDrive\Code\DHBW Systemnahe Programmierung\picsim\third_party\ftxui\src\ftxui\dom\node_decorator.cpp", "C++", 0, 0, 0, 0, 0, 0, 0, 14, 0, 0, 0, 0, 0, 0, 0, 3, 6, 23
"c:\Users\Hanno\OneDrive\Code\DHBW Systemnahe Programmierung\picsim\third_party\ftxui\src\ftxui\dom\node_decorator.hpp", "C++", 0, 0, 0, 0, 0, 0, 0, 15, 0, 0, 0, 0, 0, 0, 0, 4, 7, 26
"c:\Users\Hanno\OneDrive\Code\DHBW Systemnahe Programmierung\picsim\third_party\ftxui\src\ftxui\dom\paragraph.cpp", "C++", 0, 0, 0, 0, 0, 0, 0, 61, 0, 0, 0, 0, 0, 0, 0, 23, 12, 96
"c:\Users\Hanno\OneDrive\Code\DHBW Systemnahe Programmierung\picsim\third_party\ftxui\src\ftxui\dom\reflect.cpp", "C++", 0, 0, 0, 0, 0, 0, 0, 36, 0, 0, 0, 0, 0, 0, 0, 4, 10, 50
"c:\Users\Hanno\OneDrive\Code\DHBW Systemnahe Programmierung\picsim\third_party\ftxui\src\ftxui\dom\scroll_indicator.cpp", "C++", 0, 0, 0, 0, 0, 0, 0, 97, 0, 0, 0, 0, 0, 0, 0, 9, 24, 130
"c:\Users\Hanno\OneDrive\Code\DHBW Systemnahe Programmierung\picsim\third_party\ftxui\src\ftxui\dom\scroll_indicator_test.cpp", "C++", 0, 0, 0, 0, 0, 0, 0, 295, 0, 0, 0, 0, 0, 0, 0, 41, 36, 372
"c:\Users\Hanno\OneDrive\Code\DHBW Systemnahe Programmierung\picsim\third_party\ftxui\src\ftxui\dom\selection.cpp", "C++", 0, 0, 0, 0, 0, 0, 0, 134, 0, 0, 0, 0, 0, 0, 0, 20, 20, 174
"c:\Users\Hanno\OneDrive\Code\DHBW Systemnahe Programmierung\picsim\third_party\ftxui\src\ftxui\dom\selection_style.cpp", "C++", 0, 0, 0, 0, 0, 0, 0, 60, 0, 0, 0, 0, 0, 0, 0, 17, 16, 93
"c:\Users\Hanno\OneDrive\Code\DHBW Systemnahe Programmierung\picsim\third_party\ftxui\src\ftxui\dom\selection_test.cpp", "C++", 0, 0, 0, 0, 0, 0, 0, 177, 0, 0, 0, 0, 0, 0, 0, 7, 39, 223
"c:\Users\Hanno\OneDrive\Code\DHBW Systemnahe Programmierung\picsim\third_party\ftxui\src\ftxui\dom\separator.cpp", "C++", 0, 0, 0, 0, 0, 0, 0, 206, 0, 0, 0, 0, 0, 0, 0, 323, 42, 571
"c:\Users\Hanno\OneDrive\Code\DHBW Systemnahe Programmierung\picsim\third_party\ftxui\src\ftxui\dom\separator_test.cpp", "C++", 0, 0, 0, 0, 0, 0, 0, 113, 0, 0, 0, 0, 0, 0, 0, 5, 12, 130
"c:\Users\Hanno\OneDrive\Code\DHBW Systemnahe Programmierung\picsim\third_party\ftxui\src\ftxui\dom\size.cpp", "C++", 0, 0, 0, 0, 0, 0, 0, 74, 0, 0, 0, 0, 0, 0, 0, 9, 13, 96
"c:\Users\Hanno\OneDrive\Code\DHBW Systemnahe Programmierung\picsim\third_party\ftxui\src\ftxui\dom\spinner.cpp", "C++", 0, 0, 0, 0, 0, 0, 0, 284, 0, 0, 0, 0, 0, 0, 0, 10, 7, 301
"c:\Users\Hanno\OneDrive\Code\DHBW Systemnahe Programmierung\picsim\third_party\ftxui\src\ftxui\dom\spinner_test.cpp", "C++", 0, 0, 0, 0, 0, 0, 0, 30, 0, 0, 0, 0, 0, 0, 0, 5, 8, 43
"c:\Users\Hanno\OneDrive\Code\DHBW Systemnahe Programmierung\picsim\third_party\ftxui\src\ftxui\dom\strikethrough.cpp", "C++", 0, 0, 0, 0, 0, 0, 0, 24, 0, 0, 0, 0, 0, 0, 0, 5, 7, 36
"c:\Users\Hanno\OneDrive\Code\DHBW Systemnahe Programmierung\picsim\third_party\ftxui\src\ftxui\dom\table.cpp", "C++", 0, 0, 0, 0, 0, 0, 0, 293, 0, 0, 0, 0, 0, 0, 0, 123, 48, 464
"c:\Users\Hanno\OneDrive\Code\DHBW Systemnahe Programmierung\picsim\third_party\ftxui\src\ftxui\dom\table_test.cpp", "C++", 0, 0, 0, 0, 0, 0, 0, 711, 0, 0, 0, 0, 0, 0, 0, 5, 34, 750
"c:\Users\Hanno\OneDrive\Code\DHBW Systemnahe Programmierung\picsim\third_party\ftxui\src\ftxui\dom\text.cpp", "C++", 0, 0, 0, 0, 0, 0, 0, 114, 0, 0, 0, 0, 0, 0, 0, 85, 26, 225
"c:\Users\Hanno\OneDrive\Code\DHBW Systemnahe Programmierung\picsim\third_party\ftxui\src\ftxui\dom\text_test.cpp", "C++", 0, 0, 0, 0, 0, 0, 0, 93, 0, 0, 0, 0, 0, 0, 0, 14, 19, 126
"c:\Users\Hanno\OneDrive\Code\DHBW Systemnahe Programmierung\picsim\third_party\ftxui\src\ftxui\dom\underlined.cpp", "C++", 0, 0, 0, 0, 0, 0, 0, 26, 0, 0, 0, 0, 0, 0, 0, 5, 7, 38
"c:\Users\Hanno\OneDrive\Code\DHBW Systemnahe Programmierung\picsim\third_party\ftxui\src\ftxui\dom\underlined_double.cpp", "C++", 0, 0, 0, 0, 0, 0, 0, 24, 0, 0, 0, 0, 0, 0, 0, 5, 7, 36
"c:\Users\Hanno\OneDrive\Code\DHBW Systemnahe Programmierung\picsim\third_party\ftxui\src\ftxui\dom\underlined_test.cpp", "C++", 0, 0, 0, 0, 0, 0, 0, 13, 0, 0, 0, 0, 0, 0, 0, 5, 5, 23
"c:\Users\Hanno\OneDrive\Code\DHBW Systemnahe Programmierung\picsim\third_party\ftxui\src\ftxui\dom\util.cpp", "C++", 0, 0, 0, 0, 0, 0, 0, 85, 0, 0, 0, 0, 0, 0, 0, 48, 18, 151
"c:\Users\Hanno\OneDrive\Code\DHBW Systemnahe Programmierung\picsim\third_party\ftxui\src\ftxui\dom\vbox.cpp", "C++", 0, 0, 0, 0, 0, 0, 0, 65, 0, 0, 0, 0, 0, 0, 0, 20, 16, 101
"c:\Users\Hanno\OneDrive\Code\DHBW Systemnahe Programmierung\picsim\third_party\ftxui\src\ftxui\dom\vbox_test.cpp", "C++", 0, 0, 0, 0, 0, 0, 0, 336, 0, 0, 0, 0, 0, 0, 0, 6, 31, 373
"c:\Users\Hanno\OneDrive\Code\DHBW Systemnahe Programmierung\picsim\third_party\ftxui\src\ftxui\screen\box.cpp", "C++", 0, 0, 0, 0, 0, 0, 0, 42, 0, 0, 0, 0, 0, 0, 0, 21, 10, 73
"c:\Users\Hanno\OneDrive\Code\DHBW Systemnahe Programmierung\picsim\third_party\ftxui\src\ftxui\screen\color.cpp", "C++", 0, 0, 0, 0, 0, 0, 0, 205, 0, 0, 0, 0, 0, 0, 0, 63, 32, 300
"c:\Users\Hanno\OneDrive\Code\DHBW Systemnahe Programmierung\picsim\third_party\ftxui\src\ftxui\screen\color_info.cpp", "C++", 0, 0, 0, 0, 0, 0, 0, 269, 0, 0, 0, 0, 0, 0, 0, 5, 8, 282
"c:\Users\Hanno\OneDrive\Code\DHBW Systemnahe Programmierung\picsim\third_party\ftxui\src\ftxui\screen\color_test.cpp", "C++", 0, 0, 0, 0, 0, 0, 0, 70, 0, 0, 0, 0, 0, 0, 0, 3, 14, 87
"c:\Users\Hanno\OneDrive\Code\DHBW Systemnahe Programmierung\picsim\third_party\ftxui\src\ftxui\screen\image.cpp", "C++", 0, 0, 0, 0, 0, 0, 0, 37, 0, 0, 0, 0, 0, 0, 0, 16, 11, 64
"c:\Users\Hanno\OneDrive\Code\DHBW Systemnahe Programmierung\picsim\third_party\ftxui\src\ftxui\screen\screen.cpp", "C++", 0, 0, 0, 0, 0, 0, 0, 416, 0, 0, 0, 0, 0, 0, 0, 70, 80, 566
"c:\Users\Hanno\OneDrive\Code\DHBW Systemnahe Programmierung\picsim\third_party\ftxui\src\ftxui\screen\string.cpp", "C++", 0, 0, 0, 0, 0, 0, 0, 1500, 0, 0, 0, 0, 0, 0, 0, 80, 90, 1670
"c:\Users\Hanno\OneDrive\Code\DHBW Systemnahe Programmierung\picsim\third_party\ftxui\src\ftxui\screen\string_internal.hpp", "C++", 0, 0, 0, 0, 0, 0, 0, 49, 0, 0, 0, 0, 0, 0, 0, 8, 11, 68
"c:\Users\Hanno\OneDrive\Code\DHBW Systemnahe Programmierung\picsim\third_party\ftxui\src\ftxui\screen\string_test.cpp", "C++", 0, 0, 0, 0, 0, 0, 0, 131, 0, 0, 0, 0, 0, 0, 0, 22, 15, 168
"c:\Users\Hanno\OneDrive\Code\DHBW Systemnahe Programmierung\picsim\third_party\ftxui\src\ftxui\screen\terminal.cpp", "C++", 0, 0, 0, 0, 0, 0, 0, 93, 0, 0, 0, 0, 0, 0, 0, 29, 25, 147
"c:\Users\Hanno\OneDrive\Code\DHBW Systemnahe Programmierung\picsim\third_party\ftxui\src\ftxui\screen\util.hpp", "C++", 0, 0, 0, 0, 0, 0, 0, 9, 0, 0, 0, 0, 0, 0, 0, 4, 5, 18
"c:\Users\Hanno\OneDrive\Code\DHBW Systemnahe Programmierung\picsim\third_party\ftxui\src\ftxui\util\ref_test.cpp", "C++", 0, 0, 0, 0, 0, 0, 0, 54, 0, 0, 0, 0, 0, 0, 0, 3, 11, 68
"c:\Users\Hanno\OneDrive\Code\DHBW Systemnahe Programmierung\picsim\third_party\ftxui\tools\format.sh", "Shell Script", 0, 0, 0, 0, 0, 0, 0, 0, 0, 14, 0, 0, 0, 0, 0, 3, 3, 20
"c:\Users\Hanno\OneDrive\Code\DHBW Systemnahe Programmierung\picsim\third_party\ftxui\tools\iwyu.sh", "Shell Script", 0, 0, 0, 0, 0, 0, 0, 0, 0, 11, 0, 0, 0, 0, 0, 1, 2, 14
"c:\Users\Hanno\OneDrive\Code\DHBW Systemnahe Programmierung\picsim\third_party\ftxui\tools\license_headers.cpp", "C++", 0, 0, 0, 0, 0, 0, 0, 0, 0, 0, 0, 0, 0, 0, 0, 3, 2, 5
"Total", "-", 1512, 1413, 1581, 459, 5562, 775, 3, 29622, 689, 25, 74, 345, 211, 103, 16, 5503, 6337, 54230